idx,pred_cat
25069,chocolate
5373,popcorn_peanuts_seeds_related_snacks
27764,popcorn_peanuts_seeds_related_snacks
13029,candy
3185,cookies_biscuits
21033,cookies_biscuits
20659,popcorn_peanuts_seeds_related_snacks
538,candy
25229,cookies_biscuits
32358,cookies_biscuits
9967,cookies_biscuits
26146,popcorn_peanuts_seeds_related_snacks
30842,popcorn_peanuts_seeds_related_snacks
35125,chocolate
1038,candy
15700,candy
17371,cakes_cupcakes_snack_cakes
15536,popcorn_peanuts_seeds_related_snacks
11800,candy
3657,candy
21045,cookies_biscuits
28607,chocolate
28992,cookies_biscuits
18282,popcorn_peanuts_seeds_related_snacks
10441,chocolate
29433,chips_pretzels_snacks
26281,chocolate
10982,cookies_biscuits
13255,popcorn_peanuts_seeds_related_snacks
23758,popcorn_peanuts_seeds_related_snacks
24168,cookies_biscuits
4103,candy
15275,candy
17712,popcorn_peanuts_seeds_related_snacks
3419,candy
22061,chips_pretzels_snacks
11689,popcorn_peanuts_seeds_related_snacks
3899,cookies_biscuits
16785,chocolate
24714,popcorn_peanuts_seeds_related_snacks
18377,chips_pretzels_snacks
32036,chocolate
4323,cookies_biscuits
7337,chocolate
9012,popcorn_peanuts_seeds_related_snacks
12516,chocolate
7286,popcorn_peanuts_seeds_related_snacks
32663,chips_pretzels_snacks
3211,popcorn_peanuts_seeds_related_snacks
29065,cookies_biscuits
25309,chocolate
31091,chips_pretzels_snacks
22542,cakes_cupcakes_snack_cakes
16921,cookies_biscuits
26842,chips_pretzels_snacks
12706,chips_pretzels_snacks
20416,chips_pretzels_snacks
5002,candy
22450,candy
30053,cakes_cupcakes_snack_cakes
26778,candy
12775,cakes_cupcakes_snack_cakes
28118,popcorn_peanuts_seeds_related_snacks
21495,candy
1939,popcorn_peanuts_seeds_related_snacks
7073,chips_pretzels_snacks
12646,chocolate
27327,popcorn_peanuts_seeds_related_snacks
35258,popcorn_peanuts_seeds_related_snacks
22289,cakes_cupcakes_snack_cakes
10223,chocolate
23077,popcorn_peanuts_seeds_related_snacks
17909,popcorn_peanuts_seeds_related_snacks
12619,candy
29053,popcorn_peanuts_seeds_related_snacks
3014,cookies_biscuits
31417,cookies_biscuits
31750,chips_pretzels_snacks
30992,chocolate
25294,popcorn_peanuts_seeds_related_snacks
22689,chips_pretzels_snacks
4842,cookies_biscuits
34054,cookies_biscuits
24046,candy
27595,candy
32365,chocolate
7080,cookies_biscuits
15584,candy
20823,popcorn_peanuts_seeds_related_snacks
7115,chocolate
32731,chocolate
16645,candy
22928,candy
31255,cookies_biscuits
3172,candy
20091,cookies_biscuits
8952,chips_pretzels_snacks
31076,cookies_biscuits
9780,chocolate
22120,chocolate
12051,popcorn_peanuts_seeds_related_snacks
4087,cookies_biscuits
21660,candy
28024,candy
23714,candy
16733,chocolate
29201,chocolate
5522,cookies_biscuits
7672,cakes_cupcakes_snack_cakes
16324,cookies_biscuits
14617,chocolate
9977,candy
32047,candy
4617,popcorn_peanuts_seeds_related_snacks
5026,chips_pretzels_snacks
15116,chips_pretzels_snacks
18507,cookies_biscuits
25284,candy
32659,cookies_biscuits
9553,popcorn_peanuts_seeds_related_snacks
6856,chips_pretzels_snacks
23538,popcorn_peanuts_seeds_related_snacks
9025,popcorn_peanuts_seeds_related_snacks
3634,chips_pretzels_snacks
15270,popcorn_peanuts_seeds_related_snacks
169,popcorn_peanuts_seeds_related_snacks
25913,cookies_biscuits
27478,cakes_cupcakes_snack_cakes
14405,popcorn_peanuts_seeds_related_snacks
27480,cakes_cupcakes_snack_cakes
31735,popcorn_peanuts_seeds_related_snacks
15350,popcorn_peanuts_seeds_related_snacks
28698,candy
17670,popcorn_peanuts_seeds_related_snacks
33988,candy
3464,popcorn_peanuts_seeds_related_snacks
7563,chips_pretzels_snacks
3719,candy
27703,popcorn_peanuts_seeds_related_snacks
33654,candy
34691,cakes_cupcakes_snack_cakes
11060,cookies_biscuits
3579,chocolate
31689,chips_pretzels_snacks
900,popcorn_peanuts_seeds_related_snacks
28622,chips_pretzels_snacks
18217,popcorn_peanuts_seeds_related_snacks
27417,popcorn_peanuts_seeds_related_snacks
19600,cookies_biscuits
34671,candy
16053,cookies_biscuits
9033,cookies_biscuits
4005,candy
21464,chips_pretzels_snacks
17779,chocolate
16,chocolate
24770,popcorn_peanuts_seeds_related_snacks
5158,chips_pretzels_snacks
30085,chips_pretzels_snacks
27084,cakes_cupcakes_snack_cakes
30786,cakes_cupcakes_snack_cakes
22842,chips_pretzels_snacks
5895,chips_pretzels_snacks
13134,popcorn_peanuts_seeds_related_snacks
34408,cookies_biscuits
6885,cookies_biscuits
4384,candy
23003,candy
31427,chocolate
17315,popcorn_peanuts_seeds_related_snacks
16260,chips_pretzels_snacks
6969,chocolate
34202,chocolate
22138,popcorn_peanuts_seeds_related_snacks
17860,chocolate
8563,cookies_biscuits
29220,candy
10501,candy
31437,chips_pretzels_snacks
6896,candy
20862,popcorn_peanuts_seeds_related_snacks
34244,chocolate
35192,cookies_biscuits
15698,cookies_biscuits
3187,popcorn_peanuts_seeds_related_snacks
24819,cakes_cupcakes_snack_cakes
18116,candy
19212,chocolate
20639,candy
4300,cakes_cupcakes_snack_cakes
15980,candy
9471,chocolate
4408,candy
9512,cakes_cupcakes_snack_cakes
17888,popcorn_peanuts_seeds_related_snacks
33437,popcorn_peanuts_seeds_related_snacks
27861,chips_pretzels_snacks
6017,chocolate
21264,cookies_biscuits
32477,popcorn_peanuts_seeds_related_snacks
12585,cookies_biscuits
33659,candy
19774,chocolate
14575,chips_pretzels_snacks
1070,chips_pretzels_snacks
23845,chips_pretzels_snacks
8727,popcorn_peanuts_seeds_related_snacks
26892,popcorn_peanuts_seeds_related_snacks
21297,cookies_biscuits
27588,cakes_cupcakes_snack_cakes
22924,cookies_biscuits
27276,popcorn_peanuts_seeds_related_snacks
32670,popcorn_peanuts_seeds_related_snacks
11218,cakes_cupcakes_snack_cakes
21055,candy
26003,cakes_cupcakes_snack_cakes
16781,candy
9674,cookies_biscuits
15699,chocolate
22220,cookies_biscuits
24196,popcorn_peanuts_seeds_related_snacks
31632,cakes_cupcakes_snack_cakes
13691,chips_pretzels_snacks
33062,candy
16614,cakes_cupcakes_snack_cakes
9475,cookies_biscuits
28925,candy
6206,popcorn_peanuts_seeds_related_snacks
9182,popcorn_peanuts_seeds_related_snacks
29504,candy
14880,candy
34927,candy
88,cookies_biscuits
5969,popcorn_peanuts_seeds_related_snacks
28875,popcorn_peanuts_seeds_related_snacks
29881,candy
14201,cakes_cupcakes_snack_cakes
10114,popcorn_peanuts_seeds_related_snacks
8576,cookies_biscuits
1667,candy
9068,chips_pretzels_snacks
25667,cakes_cupcakes_snack_cakes
8940,popcorn_peanuts_seeds_related_snacks
10126,cakes_cupcakes_snack_cakes
12022,candy
28871,chips_pretzels_snacks
11205,chips_pretzels_snacks
13974,cookies_biscuits
3656,popcorn_peanuts_seeds_related_snacks
13765,chocolate
17800,candy
3461,cakes_cupcakes_snack_cakes
4866,chips_pretzels_snacks
9781,cookies_biscuits
28013,cakes_cupcakes_snack_cakes
32270,chocolate
34829,cakes_cupcakes_snack_cakes
4189,chips_pretzels_snacks
22581,cakes_cupcakes_snack_cakes
8553,cookies_biscuits
521,cookies_biscuits
21544,cakes_cupcakes_snack_cakes
9659,chocolate
4770,popcorn_peanuts_seeds_related_snacks
31320,cookies_biscuits
8539,candy
13051,candy
33028,popcorn_peanuts_seeds_related_snacks
29674,cakes_cupcakes_snack_cakes
16833,popcorn_peanuts_seeds_related_snacks
19462,candy
8313,popcorn_peanuts_seeds_related_snacks
21928,popcorn_peanuts_seeds_related_snacks
6121,candy
24465,candy
9211,cakes_cupcakes_snack_cakes
21052,popcorn_peanuts_seeds_related_snacks
6258,chips_pretzels_snacks
24614,chocolate
29908,cookies_biscuits
3407,popcorn_peanuts_seeds_related_snacks
27724,popcorn_peanuts_seeds_related_snacks
27713,chocolate
11602,cookies_biscuits
21053,cakes_cupcakes_snack_cakes
24488,candy
20658,popcorn_peanuts_seeds_related_snacks
3667,chips_pretzels_snacks
5304,chips_pretzels_snacks
25218,candy
20687,chips_pretzels_snacks
2073,candy
10332,cakes_cupcakes_snack_cakes
12245,popcorn_peanuts_seeds_related_snacks
17469,cakes_cupcakes_snack_cakes
6857,candy
23874,cookies_biscuits
59,chocolate
8351,candy
7557,cookies_biscuits
24709,chips_pretzels_snacks
25105,chips_pretzels_snacks
24925,popcorn_peanuts_seeds_related_snacks
22753,cookies_biscuits
14407,chocolate
35200,popcorn_peanuts_seeds_related_snacks
22808,popcorn_peanuts_seeds_related_snacks
17644,popcorn_peanuts_seeds_related_snacks
23584,popcorn_peanuts_seeds_related_snacks
4973,candy
25817,cookies_biscuits
1559,candy
6868,chips_pretzels_snacks
5285,candy
6948,candy
20342,popcorn_peanuts_seeds_related_snacks
1234,popcorn_peanuts_seeds_related_snacks
619,chocolate
218,cakes_cupcakes_snack_cakes
27439,chocolate
15246,cookies_biscuits
32987,popcorn_peanuts_seeds_related_snacks
2728,cookies_biscuits
8581,popcorn_peanuts_seeds_related_snacks
23782,cookies_biscuits
4215,popcorn_peanuts_seeds_related_snacks
31299,chocolate
28437,chocolate
17557,popcorn_peanuts_seeds_related_snacks
16488,chocolate
2884,candy
22585,chocolate
10728,popcorn_peanuts_seeds_related_snacks
6972,chocolate
3862,cookies_biscuits
19991,cakes_cupcakes_snack_cakes
22697,cookies_biscuits
21419,chips_pretzels_snacks
34464,popcorn_peanuts_seeds_related_snacks
4658,candy
3741,cookies_biscuits
9239,cookies_biscuits
12807,chips_pretzels_snacks
34976,candy
12618,cookies_biscuits
19336,chocolate
6613,candy
29733,popcorn_peanuts_seeds_related_snacks
10353,candy
6012,chips_pretzels_snacks
2008,cookies_biscuits
25996,popcorn_peanuts_seeds_related_snacks
12580,popcorn_peanuts_seeds_related_snacks
8980,cakes_cupcakes_snack_cakes
21711,cookies_biscuits
13021,popcorn_peanuts_seeds_related_snacks
3270,popcorn_peanuts_seeds_related_snacks
23287,popcorn_peanuts_seeds_related_snacks
26342,candy
27007,chocolate
20413,cookies_biscuits
13080,popcorn_peanuts_seeds_related_snacks
24110,chocolate
21836,popcorn_peanuts_seeds_related_snacks
9269,chips_pretzels_snacks
289,candy
14325,candy
34418,cookies_biscuits
724,cakes_cupcakes_snack_cakes
10036,chocolate
28342,cookies_biscuits
3019,chocolate
33163,chips_pretzels_snacks
19734,cakes_cupcakes_snack_cakes
23280,popcorn_peanuts_seeds_related_snacks
21312,chips_pretzels_snacks
18894,cookies_biscuits
13831,candy
7512,candy
21300,cakes_cupcakes_snack_cakes
23311,cookies_biscuits
24419,candy
25618,candy
25256,popcorn_peanuts_seeds_related_snacks
30779,candy
4981,popcorn_peanuts_seeds_related_snacks
13675,candy
18065,cookies_biscuits
791,chocolate
26041,cookies_biscuits
18632,popcorn_peanuts_seeds_related_snacks
12432,chocolate
3064,popcorn_peanuts_seeds_related_snacks
25684,chips_pretzels_snacks
15213,chips_pretzels_snacks
5999,cookies_biscuits
33868,candy
29771,cookies_biscuits
5231,cookies_biscuits
19020,candy
24725,chocolate
22338,chocolate
29940,chocolate
3781,candy
5584,candy
20433,popcorn_peanuts_seeds_related_snacks
33300,candy
11431,chocolate
16783,cookies_biscuits
15141,chocolate
30270,popcorn_peanuts_seeds_related_snacks
1227,popcorn_peanuts_seeds_related_snacks
20608,chocolate
5591,cakes_cupcakes_snack_cakes
30613,cakes_cupcakes_snack_cakes
24684,chips_pretzels_snacks
34221,chocolate
6595,popcorn_peanuts_seeds_related_snacks
1757,cookies_biscuits
34242,candy
13941,cakes_cupcakes_snack_cakes
29624,candy
20277,chocolate
5109,candy
3891,chips_pretzels_snacks
25317,popcorn_peanuts_seeds_related_snacks
18537,popcorn_peanuts_seeds_related_snacks
23351,candy
24777,cookies_biscuits
16683,cakes_cupcakes_snack_cakes
8643,popcorn_peanuts_seeds_related_snacks
25132,chips_pretzels_snacks
1224,cookies_biscuits
20409,cookies_biscuits
4761,chocolate
33547,popcorn_peanuts_seeds_related_snacks
15849,candy
7910,popcorn_peanuts_seeds_related_snacks
1469,candy
22721,chocolate
32042,candy
3624,popcorn_peanuts_seeds_related_snacks
29835,chips_pretzels_snacks
26126,popcorn_peanuts_seeds_related_snacks
6594,chips_pretzels_snacks
30225,popcorn_peanuts_seeds_related_snacks
4418,candy
25696,chips_pretzels_snacks
20843,chips_pretzels_snacks
25820,candy
20073,chips_pretzels_snacks
24140,popcorn_peanuts_seeds_related_snacks
19312,chips_pretzels_snacks
17734,chips_pretzels_snacks
10620,candy
25193,popcorn_peanuts_seeds_related_snacks
10713,chips_pretzels_snacks
16372,cookies_biscuits
28679,chocolate
32055,candy
33121,cakes_cupcakes_snack_cakes
23318,chocolate
10819,candy
27937,cakes_cupcakes_snack_cakes
5791,cookies_biscuits
26137,candy
29137,chips_pretzels_snacks
2452,chips_pretzels_snacks
23815,candy
14290,cookies_biscuits
16529,popcorn_peanuts_seeds_related_snacks
26574,chocolate
3604,cakes_cupcakes_snack_cakes
8968,popcorn_peanuts_seeds_related_snacks
34776,popcorn_peanuts_seeds_related_snacks
32767,cookies_biscuits
28241,popcorn_peanuts_seeds_related_snacks
30109,cakes_cupcakes_snack_cakes
5347,popcorn_peanuts_seeds_related_snacks
4885,chocolate
28050,candy
18614,popcorn_peanuts_seeds_related_snacks
6351,cookies_biscuits
20731,chips_pretzels_snacks
16674,cakes_cupcakes_snack_cakes
9001,popcorn_peanuts_seeds_related_snacks
21612,candy
13613,chips_pretzels_snacks
16299,chocolate
22570,popcorn_peanuts_seeds_related_snacks
7690,cakes_cupcakes_snack_cakes
2351,cookies_biscuits
15463,popcorn_peanuts_seeds_related_snacks
4364,cookies_biscuits
27902,popcorn_peanuts_seeds_related_snacks
28164,cookies_biscuits
22647,chocolate
16512,cookies_biscuits
8132,candy
7104,cookies_biscuits
6567,cakes_cupcakes_snack_cakes
24450,candy
2732,chocolate
27586,chocolate
21280,candy
20866,cakes_cupcakes_snack_cakes
7827,cookies_biscuits
13914,candy
17971,cakes_cupcakes_snack_cakes
7958,cakes_cupcakes_snack_cakes
33399,chips_pretzels_snacks
1507,chocolate
20761,candy
29178,cookies_biscuits
11440,candy
30900,popcorn_peanuts_seeds_related_snacks
3547,popcorn_peanuts_seeds_related_snacks
12539,cookies_biscuits
23787,chocolate
27006,candy
31078,cookies_biscuits
15284,candy
13363,popcorn_peanuts_seeds_related_snacks
26320,popcorn_peanuts_seeds_related_snacks
15429,popcorn_peanuts_seeds_related_snacks
19920,popcorn_peanuts_seeds_related_snacks
7732,candy
2617,chips_pretzels_snacks
34262,candy
15944,candy
6497,cookies_biscuits
5677,cookies_biscuits
27598,candy
27346,cookies_biscuits
1154,popcorn_peanuts_seeds_related_snacks
385,chips_pretzels_snacks
1250,popcorn_peanuts_seeds_related_snacks
15038,popcorn_peanuts_seeds_related_snacks
24253,popcorn_peanuts_seeds_related_snacks
13305,candy
7893,popcorn_peanuts_seeds_related_snacks
28688,popcorn_peanuts_seeds_related_snacks
5124,candy
8654,candy
2118,candy
13265,cakes_cupcakes_snack_cakes
33130,cakes_cupcakes_snack_cakes
34243,candy
28575,candy
21509,popcorn_peanuts_seeds_related_snacks
23729,candy
13365,candy
30821,candy
23045,popcorn_peanuts_seeds_related_snacks
285,cakes_cupcakes_snack_cakes
4481,cookies_biscuits
29283,popcorn_peanuts_seeds_related_snacks
5508,cakes_cupcakes_snack_cakes
30768,candy
28492,popcorn_peanuts_seeds_related_snacks
8277,chocolate
12637,chocolate
17589,cookies_biscuits
17178,cakes_cupcakes_snack_cakes
980,popcorn_peanuts_seeds_related_snacks
29644,popcorn_peanuts_seeds_related_snacks
34276,candy
34102,candy
33002,cakes_cupcakes_snack_cakes
349,cookies_biscuits
29742,candy
28680,candy
25810,chips_pretzels_snacks
13757,candy
34062,chocolate
23924,chocolate
23593,popcorn_peanuts_seeds_related_snacks
7147,popcorn_peanuts_seeds_related_snacks
23335,cookies_biscuits
877,chocolate
23468,popcorn_peanuts_seeds_related_snacks
20725,chocolate
24883,candy
29324,candy
2731,cakes_cupcakes_snack_cakes
33935,chocolate
8100,candy
31223,candy
33966,cakes_cupcakes_snack_cakes
25236,popcorn_peanuts_seeds_related_snacks
10334,candy
28426,candy
27502,chips_pretzels_snacks
9542,cookies_biscuits
5937,popcorn_peanuts_seeds_related_snacks
4911,popcorn_peanuts_seeds_related_snacks
3751,popcorn_peanuts_seeds_related_snacks
16231,candy
13908,popcorn_peanuts_seeds_related_snacks
930,popcorn_peanuts_seeds_related_snacks
3510,chips_pretzels_snacks
264,cookies_biscuits
23578,cookies_biscuits
8812,cakes_cupcakes_snack_cakes
20707,candy
14944,popcorn_peanuts_seeds_related_snacks
11009,chips_pretzels_snacks
2887,chips_pretzels_snacks
13699,popcorn_peanuts_seeds_related_snacks
2535,cookies_biscuits
9632,chocolate
2825,chips_pretzels_snacks
24102,candy
28422,chips_pretzels_snacks
19325,popcorn_peanuts_seeds_related_snacks
30738,candy
26646,chocolate
5245,popcorn_peanuts_seeds_related_snacks
31015,popcorn_peanuts_seeds_related_snacks
26833,popcorn_peanuts_seeds_related_snacks
1874,chips_pretzels_snacks
34864,chocolate
14186,cookies_biscuits
35203,chips_pretzels_snacks
3745,cakes_cupcakes_snack_cakes
34340,cookies_biscuits
32188,cookies_biscuits
11607,chocolate
6480,popcorn_peanuts_seeds_related_snacks
10105,popcorn_peanuts_seeds_related_snacks
33113,chocolate
20835,chocolate
2883,popcorn_peanuts_seeds_related_snacks
3838,popcorn_peanuts_seeds_related_snacks
3238,candy
27039,chips_pretzels_snacks
11712,cakes_cupcakes_snack_cakes
7480,popcorn_peanuts_seeds_related_snacks
7853,candy
1335,candy
30359,chocolate
536,popcorn_peanuts_seeds_related_snacks
5847,candy
29256,popcorn_peanuts_seeds_related_snacks
25340,candy
4584,chips_pretzels_snacks
12951,popcorn_peanuts_seeds_related_snacks
34921,candy
13326,chips_pretzels_snacks
32303,cookies_biscuits
35139,chocolate
27270,chocolate
17709,cookies_biscuits
25896,cakes_cupcakes_snack_cakes
9714,chocolate
29738,cakes_cupcakes_snack_cakes
476,candy
10096,cakes_cupcakes_snack_cakes
24347,candy
12826,cakes_cupcakes_snack_cakes
14065,cakes_cupcakes_snack_cakes
7068,chocolate
14092,chips_pretzels_snacks
815,popcorn_peanuts_seeds_related_snacks
24079,candy
4889,cakes_cupcakes_snack_cakes
6158,popcorn_peanuts_seeds_related_snacks
32989,candy
31150,cookies_biscuits
15423,cakes_cupcakes_snack_cakes
13058,popcorn_peanuts_seeds_related_snacks
26311,cookies_biscuits
1696,chocolate
519,popcorn_peanuts_seeds_related_snacks
30183,cookies_biscuits
23138,popcorn_peanuts_seeds_related_snacks
34343,candy
5199,cookies_biscuits
14887,cookies_biscuits
9576,cookies_biscuits
13258,chocolate
29298,cookies_biscuits
19555,candy
19135,chips_pretzels_snacks
15193,cakes_cupcakes_snack_cakes
21634,candy
17482,candy
2138,cakes_cupcakes_snack_cakes
10992,chips_pretzels_snacks
23934,chips_pretzels_snacks
30864,popcorn_peanuts_seeds_related_snacks
2455,popcorn_peanuts_seeds_related_snacks
1423,cookies_biscuits
18319,popcorn_peanuts_seeds_related_snacks
32172,chips_pretzels_snacks
17150,cakes_cupcakes_snack_cakes
6360,candy
11435,candy
4830,popcorn_peanuts_seeds_related_snacks
6353,cookies_biscuits
14123,chocolate
32385,cookies_biscuits
5116,chocolate
19457,cookies_biscuits
19547,chips_pretzels_snacks
34548,popcorn_peanuts_seeds_related_snacks
16885,cookies_biscuits
33425,popcorn_peanuts_seeds_related_snacks
23148,popcorn_peanuts_seeds_related_snacks
28822,cookies_biscuits
23541,chocolate
23085,popcorn_peanuts_seeds_related_snacks
2766,chocolate
29109,cakes_cupcakes_snack_cakes
4147,popcorn_peanuts_seeds_related_snacks
25911,candy
649,popcorn_peanuts_seeds_related_snacks
34294,cookies_biscuits
28454,popcorn_peanuts_seeds_related_snacks
9002,popcorn_peanuts_seeds_related_snacks
23153,chocolate
11852,cookies_biscuits
28960,cookies_biscuits
369,popcorn_peanuts_seeds_related_snacks
8412,popcorn_peanuts_seeds_related_snacks
4207,popcorn_peanuts_seeds_related_snacks
13543,popcorn_peanuts_seeds_related_snacks
15824,popcorn_peanuts_seeds_related_snacks
26389,candy
33705,chips_pretzels_snacks
13366,cookies_biscuits
6233,popcorn_peanuts_seeds_related_snacks
16928,candy
19614,cakes_cupcakes_snack_cakes
9243,cakes_cupcakes_snack_cakes
3863,chips_pretzels_snacks
24506,chocolate
14392,cookies_biscuits
23,chocolate
1975,chips_pretzels_snacks
32870,cakes_cupcakes_snack_cakes
3771,popcorn_peanuts_seeds_related_snacks
2918,popcorn_peanuts_seeds_related_snacks
12219,cookies_biscuits
8158,cookies_biscuits
15312,chips_pretzels_snacks
11887,chocolate
6570,candy
31555,candy
27874,cookies_biscuits
15733,popcorn_peanuts_seeds_related_snacks
421,candy
27482,chips_pretzels_snacks
25997,chocolate
13070,chocolate
32936,chocolate
23960,chocolate
25219,candy
12508,cookies_biscuits
29432,chips_pretzels_snacks
12075,candy
27567,chocolate
33824,chips_pretzels_snacks
4318,chips_pretzels_snacks
33744,candy
31028,popcorn_peanuts_seeds_related_snacks
33548,chips_pretzels_snacks
23873,cookies_biscuits
13857,chocolate
15775,popcorn_peanuts_seeds_related_snacks
11514,popcorn_peanuts_seeds_related_snacks
9699,cookies_biscuits
4988,cookies_biscuits
14148,popcorn_peanuts_seeds_related_snacks
29982,chips_pretzels_snacks
22298,popcorn_peanuts_seeds_related_snacks
12116,cookies_biscuits
16955,candy
20113,chocolate
4569,chocolate
7394,chocolate
33998,popcorn_peanuts_seeds_related_snacks
15941,cookies_biscuits
568,popcorn_peanuts_seeds_related_snacks
27841,cakes_cupcakes_snack_cakes
10786,popcorn_peanuts_seeds_related_snacks
24872,popcorn_peanuts_seeds_related_snacks
33241,popcorn_peanuts_seeds_related_snacks
12639,cakes_cupcakes_snack_cakes
33266,popcorn_peanuts_seeds_related_snacks
15245,cookies_biscuits
17640,popcorn_peanuts_seeds_related_snacks
30636,popcorn_peanuts_seeds_related_snacks
1649,cakes_cupcakes_snack_cakes
3383,popcorn_peanuts_seeds_related_snacks
13849,chocolate
25354,popcorn_peanuts_seeds_related_snacks
33387,cakes_cupcakes_snack_cakes
24496,candy
16919,popcorn_peanuts_seeds_related_snacks
31967,popcorn_peanuts_seeds_related_snacks
2495,cookies_biscuits
19545,chocolate
13988,chocolate
9992,candy
7840,popcorn_peanuts_seeds_related_snacks
20029,popcorn_peanuts_seeds_related_snacks
28785,candy
26701,candy
33040,popcorn_peanuts_seeds_related_snacks
18549,candy
23971,candy
18516,popcorn_peanuts_seeds_related_snacks
2250,candy
22368,chocolate
20785,cakes_cupcakes_snack_cakes
12754,cookies_biscuits
17317,chips_pretzels_snacks
3292,chips_pretzels_snacks
14710,chips_pretzels_snacks
9031,cookies_biscuits
15726,cakes_cupcakes_snack_cakes
25999,cakes_cupcakes_snack_cakes
11121,chocolate
18016,candy
21186,cakes_cupcakes_snack_cakes
20574,popcorn_peanuts_seeds_related_snacks
31386,popcorn_peanuts_seeds_related_snacks
31469,popcorn_peanuts_seeds_related_snacks
4990,chips_pretzels_snacks
5978,popcorn_peanuts_seeds_related_snacks
34630,popcorn_peanuts_seeds_related_snacks
11288,candy
23909,candy
7769,cookies_biscuits
31331,chips_pretzels_snacks
27329,popcorn_peanuts_seeds_related_snacks
25343,chips_pretzels_snacks
33587,candy
16930,chips_pretzels_snacks
22058,cakes_cupcakes_snack_cakes
5206,cookies_biscuits
25095,cookies_biscuits
3587,cookies_biscuits
16463,cookies_biscuits
21422,candy
7943,popcorn_peanuts_seeds_related_snacks
10416,candy
19698,cakes_cupcakes_snack_cakes
12540,chocolate
13999,popcorn_peanuts_seeds_related_snacks
24442,chocolate
17480,chips_pretzels_snacks
4296,popcorn_peanuts_seeds_related_snacks
4660,chips_pretzels_snacks
21480,candy
12464,cakes_cupcakes_snack_cakes
28932,chocolate
32702,candy
9628,chocolate
12832,chocolate
32813,chips_pretzels_snacks
25058,cookies_biscuits
299,candy
19220,candy
1886,cookies_biscuits
15632,chocolate
29117,candy
14385,popcorn_peanuts_seeds_related_snacks
23592,popcorn_peanuts_seeds_related_snacks
13852,chocolate
216,popcorn_peanuts_seeds_related_snacks
34231,popcorn_peanuts_seeds_related_snacks
1417,chips_pretzels_snacks
20183,cakes_cupcakes_snack_cakes
32453,popcorn_peanuts_seeds_related_snacks
32782,popcorn_peanuts_seeds_related_snacks
11194,popcorn_peanuts_seeds_related_snacks
25835,popcorn_peanuts_seeds_related_snacks
94,candy
6798,popcorn_peanuts_seeds_related_snacks
22291,candy
13247,candy
837,popcorn_peanuts_seeds_related_snacks
9734,chocolate
2747,popcorn_peanuts_seeds_related_snacks
4341,cookies_biscuits
30292,popcorn_peanuts_seeds_related_snacks
10748,popcorn_peanuts_seeds_related_snacks
7546,candy
26375,candy
30423,candy
8787,cookies_biscuits
9750,cakes_cupcakes_snack_cakes
17559,popcorn_peanuts_seeds_related_snacks
14264,cakes_cupcakes_snack_cakes
16730,cakes_cupcakes_snack_cakes
31147,popcorn_peanuts_seeds_related_snacks
10479,candy
17590,candy
12027,cookies_biscuits
18416,popcorn_peanuts_seeds_related_snacks
30006,candy
8571,cakes_cupcakes_snack_cakes
6099,chips_pretzels_snacks
30539,cakes_cupcakes_snack_cakes
4387,cookies_biscuits
30261,cookies_biscuits
2065,popcorn_peanuts_seeds_related_snacks
1378,chips_pretzels_snacks
994,popcorn_peanuts_seeds_related_snacks
12914,chips_pretzels_snacks
30843,chips_pretzels_snacks
24020,popcorn_peanuts_seeds_related_snacks
11518,cakes_cupcakes_snack_cakes
32312,chocolate
2511,cookies_biscuits
19636,chips_pretzels_snacks
20647,candy
20891,chocolate
18902,cookies_biscuits
29225,chips_pretzels_snacks
26411,popcorn_peanuts_seeds_related_snacks
34786,chips_pretzels_snacks
25523,popcorn_peanuts_seeds_related_snacks
25651,candy
8802,cakes_cupcakes_snack_cakes
32807,popcorn_peanuts_seeds_related_snacks
20216,cakes_cupcakes_snack_cakes
1468,candy
23135,cookies_biscuits
24478,popcorn_peanuts_seeds_related_snacks
33831,candy
30140,cookies_biscuits
28187,chocolate
26431,chips_pretzels_snacks
16252,candy
6243,popcorn_peanuts_seeds_related_snacks
19562,popcorn_peanuts_seeds_related_snacks
11206,chips_pretzels_snacks
17262,chips_pretzels_snacks
21201,candy
4673,cakes_cupcakes_snack_cakes
27771,cookies_biscuits
18137,popcorn_peanuts_seeds_related_snacks
13598,chips_pretzels_snacks
26869,candy
8790,popcorn_peanuts_seeds_related_snacks
3494,popcorn_peanuts_seeds_related_snacks
30987,cakes_cupcakes_snack_cakes
32931,chips_pretzels_snacks
33787,popcorn_peanuts_seeds_related_snacks
9476,chocolate
24754,chips_pretzels_snacks
29008,candy
15046,candy
917,candy
25392,popcorn_peanuts_seeds_related_snacks
14000,popcorn_peanuts_seeds_related_snacks
17295,candy
1802,popcorn_peanuts_seeds_related_snacks
12558,candy
7305,chocolate
25434,popcorn_peanuts_seeds_related_snacks
20454,cookies_biscuits
449,popcorn_peanuts_seeds_related_snacks
16763,chocolate
22032,candy
24262,chocolate
13760,popcorn_peanuts_seeds_related_snacks
18330,popcorn_peanuts_seeds_related_snacks
496,candy
12867,popcorn_peanuts_seeds_related_snacks
29955,popcorn_peanuts_seeds_related_snacks
4036,candy
9521,chips_pretzels_snacks
28367,candy
21672,candy
16176,popcorn_peanuts_seeds_related_snacks
11600,cakes_cupcakes_snack_cakes
18267,cakes_cupcakes_snack_cakes
23879,chocolate
15847,chips_pretzels_snacks
31999,cookies_biscuits
8713,popcorn_peanuts_seeds_related_snacks
2340,popcorn_peanuts_seeds_related_snacks
20800,cakes_cupcakes_snack_cakes
29654,cakes_cupcakes_snack_cakes
31851,popcorn_peanuts_seeds_related_snacks
26547,chocolate
31946,popcorn_peanuts_seeds_related_snacks
33552,cakes_cupcakes_snack_cakes
17584,popcorn_peanuts_seeds_related_snacks
27910,cookies_biscuits
5402,chips_pretzels_snacks
29000,popcorn_peanuts_seeds_related_snacks
27702,chocolate
33143,popcorn_peanuts_seeds_related_snacks
17238,cookies_biscuits
6994,popcorn_peanuts_seeds_related_snacks
1562,candy
30542,chips_pretzels_snacks
17658,candy
31399,chocolate
15796,cookies_biscuits
24782,cookies_biscuits
9918,candy
21440,cakes_cupcakes_snack_cakes
10995,candy
15914,cakes_cupcakes_snack_cakes
33475,cookies_biscuits
2890,candy
21913,candy
7168,cookies_biscuits
1102,popcorn_peanuts_seeds_related_snacks
26440,popcorn_peanuts_seeds_related_snacks
28601,candy
5317,cakes_cupcakes_snack_cakes
32812,candy
34374,candy
2585,chips_pretzels_snacks
13294,popcorn_peanuts_seeds_related_snacks
7146,cookies_biscuits
23197,popcorn_peanuts_seeds_related_snacks
34828,popcorn_peanuts_seeds_related_snacks
20384,cakes_cupcakes_snack_cakes
18070,chocolate
8850,candy
27437,popcorn_peanuts_seeds_related_snacks
13232,popcorn_peanuts_seeds_related_snacks
8096,popcorn_peanuts_seeds_related_snacks
23149,chocolate
24005,candy
5294,popcorn_peanuts_seeds_related_snacks
22514,chocolate
27785,popcorn_peanuts_seeds_related_snacks
29119,candy
20918,chocolate
34612,cookies_biscuits
8514,chips_pretzels_snacks
10651,candy
31880,popcorn_peanuts_seeds_related_snacks
880,candy
32741,candy
14885,candy
2100,candy
11058,chocolate
20516,candy
22461,cookies_biscuits
28127,popcorn_peanuts_seeds_related_snacks
30391,candy
1395,candy
29926,candy
12062,popcorn_peanuts_seeds_related_snacks
10538,popcorn_peanuts_seeds_related_snacks
19302,popcorn_peanuts_seeds_related_snacks
25714,candy
30399,cakes_cupcakes_snack_cakes
15520,popcorn_peanuts_seeds_related_snacks
26755,candy
2275,popcorn_peanuts_seeds_related_snacks
1960,candy
5737,candy
16083,candy
21803,popcorn_peanuts_seeds_related_snacks
24013,cakes_cupcakes_snack_cakes
27286,cookies_biscuits
28493,popcorn_peanuts_seeds_related_snacks
5069,cookies_biscuits
34055,popcorn_peanuts_seeds_related_snacks
3071,popcorn_peanuts_seeds_related_snacks
4196,popcorn_peanuts_seeds_related_snacks
19796,candy
29278,cookies_biscuits
30559,cookies_biscuits
16236,cookies_biscuits
15360,cookies_biscuits
6870,popcorn_peanuts_seeds_related_snacks
2973,popcorn_peanuts_seeds_related_snacks
3021,candy
18863,chocolate
12073,cakes_cupcakes_snack_cakes
8926,candy
28972,cookies_biscuits
33595,cookies_biscuits
18509,candy
30465,chocolate
93,cakes_cupcakes_snack_cakes
6034,chips_pretzels_snacks
29824,cookies_biscuits
31820,popcorn_peanuts_seeds_related_snacks
14692,chocolate
34157,candy
3170,popcorn_peanuts_seeds_related_snacks
9548,chips_pretzels_snacks
23089,chips_pretzels_snacks
21815,chocolate
33538,chips_pretzels_snacks
25767,cakes_cupcakes_snack_cakes
12953,chips_pretzels_snacks
4348,chips_pretzels_snacks
26001,popcorn_peanuts_seeds_related_snacks
29879,candy
24369,popcorn_peanuts_seeds_related_snacks
26771,chips_pretzels_snacks
5592,popcorn_peanuts_seeds_related_snacks
13755,cookies_biscuits
15913,chocolate
30440,cookies_biscuits
8164,cakes_cupcakes_snack_cakes
5129,chips_pretzels_snacks
14417,candy
6723,cakes_cupcakes_snack_cakes
2154,candy
29890,cookies_biscuits
28414,candy
20485,cookies_biscuits
7797,chips_pretzels_snacks
8031,chocolate
30617,chips_pretzels_snacks
5030,chocolate
18851,chocolate
17997,chocolate
22301,popcorn_peanuts_seeds_related_snacks
10407,cookies_biscuits
9485,chocolate
29073,popcorn_peanuts_seeds_related_snacks
14734,candy
2685,candy
22190,popcorn_peanuts_seeds_related_snacks
21962,popcorn_peanuts_seeds_related_snacks
23998,candy
34937,candy
12470,popcorn_peanuts_seeds_related_snacks
20958,popcorn_peanuts_seeds_related_snacks
15340,chips_pretzels_snacks
33000,cakes_cupcakes_snack_cakes
17510,candy
50,chocolate
20549,candy
16574,chocolate
3512,chocolate
11656,candy
22896,cookies_biscuits
18669,popcorn_peanuts_seeds_related_snacks
10707,popcorn_peanuts_seeds_related_snacks
10824,popcorn_peanuts_seeds_related_snacks
14296,chocolate
4799,chips_pretzels_snacks
21155,chocolate
25104,popcorn_peanuts_seeds_related_snacks
20462,candy
10079,candy
9378,chocolate
26627,candy
22100,chips_pretzels_snacks
23268,cookies_biscuits
1035,candy
2406,candy
23807,candy
8523,candy
34495,popcorn_peanuts_seeds_related_snacks
34854,cookies_biscuits
11562,candy
31129,chocolate
30825,chocolate
684,popcorn_peanuts_seeds_related_snacks
2598,popcorn_peanuts_seeds_related_snacks
23524,candy
4730,chocolate
25537,popcorn_peanuts_seeds_related_snacks
10275,cookies_biscuits
33887,candy
21075,candy
12485,popcorn_peanuts_seeds_related_snacks
5289,candy
5774,cookies_biscuits
31059,chips_pretzels_snacks
19470,popcorn_peanuts_seeds_related_snacks
7227,cakes_cupcakes_snack_cakes
23376,candy
12536,candy
32430,chocolate
14840,cookies_biscuits
29651,candy
6146,popcorn_peanuts_seeds_related_snacks
23267,candy
9808,candy
15934,chips_pretzels_snacks
13971,candy
15500,cookies_biscuits
7887,candy
25518,cookies_biscuits
1864,popcorn_peanuts_seeds_related_snacks
1711,cookies_biscuits
5706,popcorn_peanuts_seeds_related_snacks
497,chocolate
30926,cakes_cupcakes_snack_cakes
10109,cookies_biscuits
7920,chips_pretzels_snacks
16296,cookies_biscuits
16673,candy
10994,chocolate
34297,popcorn_peanuts_seeds_related_snacks
7678,popcorn_peanuts_seeds_related_snacks
6061,candy
24984,candy
26949,popcorn_peanuts_seeds_related_snacks
6285,candy
34926,popcorn_peanuts_seeds_related_snacks
8544,cookies_biscuits
13323,popcorn_peanuts_seeds_related_snacks
33146,candy
6102,candy
31966,popcorn_peanuts_seeds_related_snacks
6727,candy
33052,chips_pretzels_snacks
20748,chips_pretzels_snacks
23957,cookies_biscuits
34320,cakes_cupcakes_snack_cakes
14118,candy
30666,cakes_cupcakes_snack_cakes
9776,chocolate
28833,candy
30473,popcorn_peanuts_seeds_related_snacks
3430,cakes_cupcakes_snack_cakes
32179,cakes_cupcakes_snack_cakes
34183,popcorn_peanuts_seeds_related_snacks
29380,chocolate
30376,chocolate
32780,cookies_biscuits
16059,candy
18621,chocolate
5902,chips_pretzels_snacks
18062,candy
5055,candy
1188,cakes_cupcakes_snack_cakes
24927,candy
27854,chocolate
6346,candy
4574,candy
12698,cakes_cupcakes_snack_cakes
28887,popcorn_peanuts_seeds_related_snacks
29465,popcorn_peanuts_seeds_related_snacks
23066,cookies_biscuits
4764,cookies_biscuits
15743,popcorn_peanuts_seeds_related_snacks
7037,cookies_biscuits
27609,chocolate
14609,popcorn_peanuts_seeds_related_snacks
26836,cookies_biscuits
15952,cakes_cupcakes_snack_cakes
6582,popcorn_peanuts_seeds_related_snacks
24336,candy
32729,popcorn_peanuts_seeds_related_snacks
8085,chips_pretzels_snacks
5914,cookies_biscuits
34886,candy
8113,candy
33668,cookies_biscuits
14807,chips_pretzels_snacks
19980,chips_pretzels_snacks
12097,chips_pretzels_snacks
250,cookies_biscuits
23095,popcorn_peanuts_seeds_related_snacks
21983,cookies_biscuits
18957,candy
24784,popcorn_peanuts_seeds_related_snacks
27762,candy
25990,chocolate
19603,chips_pretzels_snacks
16209,popcorn_peanuts_seeds_related_snacks
30357,chocolate
14814,candy
33505,popcorn_peanuts_seeds_related_snacks
2282,chips_pretzels_snacks
19033,cakes_cupcakes_snack_cakes
8470,cakes_cupcakes_snack_cakes
24173,candy
9000,candy
15590,candy
27953,chocolate
29370,candy
28660,cookies_biscuits
32489,candy
3661,candy
16685,candy
24975,popcorn_peanuts_seeds_related_snacks
15010,candy
23373,popcorn_peanuts_seeds_related_snacks
10309,candy
33602,candy
4110,popcorn_peanuts_seeds_related_snacks
16920,candy
34431,cookies_biscuits
24023,chips_pretzels_snacks
21709,popcorn_peanuts_seeds_related_snacks
30880,cakes_cupcakes_snack_cakes
1775,cakes_cupcakes_snack_cakes
21742,popcorn_peanuts_seeds_related_snacks
33762,candy
30293,chocolate
25548,popcorn_peanuts_seeds_related_snacks
7215,candy
15422,candy
4269,candy
19314,candy
9428,cookies_biscuits
27868,candy
18490,popcorn_peanuts_seeds_related_snacks
30928,cakes_cupcakes_snack_cakes
6439,popcorn_peanuts_seeds_related_snacks
32633,chocolate
12759,cakes_cupcakes_snack_cakes
28335,cakes_cupcakes_snack_cakes
14240,chips_pretzels_snacks
16510,candy
34757,chocolate
29518,candy
14699,cookies_biscuits
22523,popcorn_peanuts_seeds_related_snacks
22495,cookies_biscuits
27613,cookies_biscuits
8290,popcorn_peanuts_seeds_related_snacks
5469,popcorn_peanuts_seeds_related_snacks
33076,popcorn_peanuts_seeds_related_snacks
11100,candy
21554,popcorn_peanuts_seeds_related_snacks
32628,cookies_biscuits
24633,chocolate
23968,candy
14546,candy
19571,popcorn_peanuts_seeds_related_snacks
31823,chocolate
35159,cakes_cupcakes_snack_cakes
24382,cakes_cupcakes_snack_cakes
7725,cookies_biscuits
3637,candy
11588,popcorn_peanuts_seeds_related_snacks
1074,popcorn_peanuts_seeds_related_snacks
22249,candy
6592,candy
18933,popcorn_peanuts_seeds_related_snacks
18580,candy
19772,chocolate
12792,cakes_cupcakes_snack_cakes
4390,popcorn_peanuts_seeds_related_snacks
25573,candy
21208,cakes_cupcakes_snack_cakes
33977,candy
3006,cookies_biscuits
21373,cookies_biscuits
23734,popcorn_peanuts_seeds_related_snacks
30009,cookies_biscuits
33192,candy
10656,popcorn_peanuts_seeds_related_snacks
14406,chips_pretzels_snacks
17625,cakes_cupcakes_snack_cakes
3627,cookies_biscuits
15153,candy
23549,popcorn_peanuts_seeds_related_snacks
3376,popcorn_peanuts_seeds_related_snacks
16825,candy
19536,popcorn_peanuts_seeds_related_snacks
18393,chips_pretzels_snacks
20569,popcorn_peanuts_seeds_related_snacks
24962,popcorn_peanuts_seeds_related_snacks
18080,popcorn_peanuts_seeds_related_snacks
27648,popcorn_peanuts_seeds_related_snacks
34990,cookies_biscuits
16570,popcorn_peanuts_seeds_related_snacks
22893,cookies_biscuits
33614,chocolate
22813,cakes_cupcakes_snack_cakes
20376,cookies_biscuits
27608,candy
27133,chocolate
32318,chips_pretzels_snacks
6554,chocolate
21548,chocolate
16100,cakes_cupcakes_snack_cakes
22530,cakes_cupcakes_snack_cakes
16724,chips_pretzels_snacks
23662,cakes_cupcakes_snack_cakes
2677,chips_pretzels_snacks
31733,cookies_biscuits
14440,candy
10799,popcorn_peanuts_seeds_related_snacks
27027,candy
16402,chocolate
29858,candy
2909,cookies_biscuits
18099,cookies_biscuits
15159,candy
1644,chocolate
18119,popcorn_peanuts_seeds_related_snacks
20476,chips_pretzels_snacks
19066,popcorn_peanuts_seeds_related_snacks
19275,cookies_biscuits
17308,cookies_biscuits
5484,candy
13898,candy
29254,cookies_biscuits
17996,cookies_biscuits
27970,popcorn_peanuts_seeds_related_snacks
25015,candy
30997,chips_pretzels_snacks
27135,popcorn_peanuts_seeds_related_snacks
5811,candy
15685,cookies_biscuits
21769,popcorn_peanuts_seeds_related_snacks
3195,chocolate
19524,popcorn_peanuts_seeds_related_snacks
7596,chips_pretzels_snacks
6244,chocolate
220,candy
16319,candy
34402,cookies_biscuits
31181,cookies_biscuits
1719,candy
20200,cakes_cupcakes_snack_cakes
22948,candy
5363,cakes_cupcakes_snack_cakes
3036,popcorn_peanuts_seeds_related_snacks
24343,chips_pretzels_snacks
23555,popcorn_peanuts_seeds_related_snacks
3098,cookies_biscuits
3672,candy
8131,candy
24730,chips_pretzels_snacks
7049,popcorn_peanuts_seeds_related_snacks
25160,cookies_biscuits
30862,chips_pretzels_snacks
19560,popcorn_peanuts_seeds_related_snacks
3912,cakes_cupcakes_snack_cakes
31352,chips_pretzels_snacks
18890,chips_pretzels_snacks
25388,popcorn_peanuts_seeds_related_snacks
21989,cakes_cupcakes_snack_cakes
14962,popcorn_peanuts_seeds_related_snacks
22992,candy
23425,cookies_biscuits
16600,candy
11052,chocolate
29041,candy
2104,chocolate
1249,popcorn_peanuts_seeds_related_snacks
30639,candy
25658,candy
18309,cakes_cupcakes_snack_cakes
2801,candy
30280,chips_pretzels_snacks
7308,chocolate
28585,popcorn_peanuts_seeds_related_snacks
28846,candy
18583,chips_pretzels_snacks
23614,cookies_biscuits
3777,cookies_biscuits
18887,chips_pretzels_snacks
3976,candy
13461,chips_pretzels_snacks
22914,chips_pretzels_snacks
14146,cookies_biscuits
13308,cookies_biscuits
5689,candy
27634,candy
10818,cakes_cupcakes_snack_cakes
4676,chocolate
1117,candy
31746,candy
14166,popcorn_peanuts_seeds_related_snacks
2165,candy
24430,candy
10218,popcorn_peanuts_seeds_related_snacks
34223,cookies_biscuits
28535,cakes_cupcakes_snack_cakes
27665,popcorn_peanuts_seeds_related_snacks
3683,cakes_cupcakes_snack_cakes
15165,candy
19358,popcorn_peanuts_seeds_related_snacks
6276,chips_pretzels_snacks
26498,chocolate
30771,chocolate
16270,cookies_biscuits
13972,chips_pretzels_snacks
27306,popcorn_peanuts_seeds_related_snacks
908,candy
11634,popcorn_peanuts_seeds_related_snacks
24316,popcorn_peanuts_seeds_related_snacks
34263,cakes_cupcakes_snack_cakes
23028,chocolate
14973,popcorn_peanuts_seeds_related_snacks
6515,chocolate
15242,popcorn_peanuts_seeds_related_snacks
8939,popcorn_peanuts_seeds_related_snacks
20688,candy
29344,popcorn_peanuts_seeds_related_snacks
11354,popcorn_peanuts_seeds_related_snacks
19262,cookies_biscuits
25072,chips_pretzels_snacks
409,chips_pretzels_snacks
8358,cookies_biscuits
22048,candy
22196,candy
22539,candy
35118,popcorn_peanuts_seeds_related_snacks
24136,popcorn_peanuts_seeds_related_snacks
20859,candy
25142,cakes_cupcakes_snack_cakes
20915,popcorn_peanuts_seeds_related_snacks
31758,candy
23978,candy
21888,chocolate
5998,chips_pretzels_snacks
3519,popcorn_peanuts_seeds_related_snacks
8482,cookies_biscuits
17220,candy
15044,popcorn_peanuts_seeds_related_snacks
22094,cookies_biscuits
13714,candy
14320,candy
34505,cookies_biscuits
6257,popcorn_peanuts_seeds_related_snacks
15874,cakes_cupcakes_snack_cakes
26057,candy
2248,cookies_biscuits
15,cookies_biscuits
5755,cookies_biscuits
2758,candy
26306,chocolate
1141,chips_pretzels_snacks
439,candy
26153,candy
19238,cookies_biscuits
4456,chocolate
9198,cookies_biscuits
31431,candy
28721,cookies_biscuits
9130,chips_pretzels_snacks
4385,cakes_cupcakes_snack_cakes
21147,popcorn_peanuts_seeds_related_snacks
25556,cakes_cupcakes_snack_cakes
6518,candy
26950,candy
6072,cookies_biscuits
27920,cakes_cupcakes_snack_cakes
6867,chips_pretzels_snacks
4891,popcorn_peanuts_seeds_related_snacks
27069,cakes_cupcakes_snack_cakes
4757,cookies_biscuits
15211,popcorn_peanuts_seeds_related_snacks
19687,cookies_biscuits
4453,cakes_cupcakes_snack_cakes
24718,candy
14212,chocolate
20214,chocolate
5493,candy
9813,candy
30789,candy
21588,cookies_biscuits
24931,chocolate
30078,chocolate
26585,candy
1662,candy
30525,cookies_biscuits
30114,cookies_biscuits
34799,chocolate
6956,candy
18952,cookies_biscuits
9451,candy
34401,popcorn_peanuts_seeds_related_snacks
23531,popcorn_peanuts_seeds_related_snacks
3295,chips_pretzels_snacks
12396,popcorn_peanuts_seeds_related_snacks
11658,cookies_biscuits
32546,popcorn_peanuts_seeds_related_snacks
13300,cakes_cupcakes_snack_cakes
34191,chips_pretzels_snacks
4040,cookies_biscuits
27610,popcorn_peanuts_seeds_related_snacks
32616,popcorn_peanuts_seeds_related_snacks
27580,chocolate
18558,candy
12802,popcorn_peanuts_seeds_related_snacks
3646,candy
15646,cookies_biscuits
18028,cakes_cupcakes_snack_cakes
16682,cakes_cupcakes_snack_cakes
10676,popcorn_peanuts_seeds_related_snacks
23452,popcorn_peanuts_seeds_related_snacks
21360,chocolate
24838,popcorn_peanuts_seeds_related_snacks
25646,popcorn_peanuts_seeds_related_snacks
29467,candy
26094,cakes_cupcakes_snack_cakes
11265,cookies_biscuits
16710,chips_pretzels_snacks
31844,candy
15667,popcorn_peanuts_seeds_related_snacks
5117,candy
24542,candy
8620,popcorn_peanuts_seeds_related_snacks
17169,chips_pretzels_snacks
19234,candy
1376,cookies_biscuits
22040,chips_pretzels_snacks
19740,cookies_biscuits
26850,candy
21538,chocolate
4502,chips_pretzels_snacks
693,candy
21210,cookies_biscuits
20889,popcorn_peanuts_seeds_related_snacks
3535,cookies_biscuits
22037,chocolate
3178,cakes_cupcakes_snack_cakes
6216,popcorn_peanuts_seeds_related_snacks
21260,popcorn_peanuts_seeds_related_snacks
22078,popcorn_peanuts_seeds_related_snacks
31636,popcorn_peanuts_seeds_related_snacks
7186,chocolate
7550,popcorn_peanuts_seeds_related_snacks
18044,candy
3144,candy
3884,candy
30938,popcorn_peanuts_seeds_related_snacks
34083,popcorn_peanuts_seeds_related_snacks
4039,candy
25126,popcorn_peanuts_seeds_related_snacks
30541,candy
5265,chips_pretzels_snacks
1328,candy
22633,popcorn_peanuts_seeds_related_snacks
10322,cookies_biscuits
7444,cookies_biscuits
3708,chips_pretzels_snacks
3948,cakes_cupcakes_snack_cakes
31637,cookies_biscuits
8401,candy
28305,cookies_biscuits
27819,chocolate
32104,cookies_biscuits
1849,candy
15351,candy
21871,candy
22212,cookies_biscuits
11347,popcorn_peanuts_seeds_related_snacks
18455,candy
25898,candy
23914,candy
8436,candy
12607,cookies_biscuits
32918,popcorn_peanuts_seeds_related_snacks
29561,candy
23243,candy
31532,cakes_cupcakes_snack_cakes
4620,candy
32518,chips_pretzels_snacks
26877,candy
34044,chocolate
19586,cookies_biscuits
5192,popcorn_peanuts_seeds_related_snacks
8278,candy
30799,popcorn_peanuts_seeds_related_snacks
12651,cakes_cupcakes_snack_cakes
11721,popcorn_peanuts_seeds_related_snacks
26447,chocolate
7933,chocolate
11873,candy
6112,popcorn_peanuts_seeds_related_snacks
5812,cookies_biscuits
7526,candy
9502,popcorn_peanuts_seeds_related_snacks
12256,candy
2548,popcorn_peanuts_seeds_related_snacks
8291,candy
18796,cakes_cupcakes_snack_cakes
34912,chocolate
31285,chips_pretzels_snacks
13059,chips_pretzels_snacks
34175,cookies_biscuits
22975,candy
26578,cookies_biscuits
4878,cookies_biscuits
6750,cookies_biscuits
27782,candy
34621,chips_pretzels_snacks
8282,popcorn_peanuts_seeds_related_snacks
21135,chocolate
8283,popcorn_peanuts_seeds_related_snacks
19350,candy
33905,popcorn_peanuts_seeds_related_snacks
34077,popcorn_peanuts_seeds_related_snacks
6068,cakes_cupcakes_snack_cakes
13391,candy
35241,cakes_cupcakes_snack_cakes
24206,cakes_cupcakes_snack_cakes
29227,popcorn_peanuts_seeds_related_snacks
4753,cookies_biscuits
27017,chips_pretzels_snacks
18742,cookies_biscuits
19690,candy
14892,popcorn_peanuts_seeds_related_snacks
12466,candy
2229,chips_pretzels_snacks
34450,cakes_cupcakes_snack_cakes
33059,popcorn_peanuts_seeds_related_snacks
22719,cakes_cupcakes_snack_cakes
13453,popcorn_peanuts_seeds_related_snacks
33467,candy
7354,chips_pretzels_snacks
4623,popcorn_peanuts_seeds_related_snacks
17646,cookies_biscuits
14477,popcorn_peanuts_seeds_related_snacks
29544,chocolate
3580,chocolate
21970,cookies_biscuits
2252,popcorn_peanuts_seeds_related_snacks
14780,chips_pretzels_snacks
6805,popcorn_peanuts_seeds_related_snacks
18198,candy
30581,chips_pretzels_snacks
33799,popcorn_peanuts_seeds_related_snacks
24502,chocolate
307,popcorn_peanuts_seeds_related_snacks
25815,candy
28756,chocolate
31790,chips_pretzels_snacks
20315,popcorn_peanuts_seeds_related_snacks
16401,candy
14484,candy
32773,chocolate
5381,chips_pretzels_snacks
13998,cookies_biscuits
1878,chocolate
11315,cakes_cupcakes_snack_cakes
31423,popcorn_peanuts_seeds_related_snacks
6454,chocolate
13,chocolate
4710,popcorn_peanuts_seeds_related_snacks
1942,popcorn_peanuts_seeds_related_snacks
20812,cookies_biscuits
33645,popcorn_peanuts_seeds_related_snacks
28286,candy
1516,cakes_cupcakes_snack_cakes
30649,candy
32320,popcorn_peanuts_seeds_related_snacks
7499,popcorn_peanuts_seeds_related_snacks
29717,popcorn_peanuts_seeds_related_snacks
12537,popcorn_peanuts_seeds_related_snacks
11919,chips_pretzels_snacks
9870,candy
21106,popcorn_peanuts_seeds_related_snacks
30343,candy
33560,popcorn_peanuts_seeds_related_snacks
20371,popcorn_peanuts_seeds_related_snacks
22074,cakes_cupcakes_snack_cakes
27279,cakes_cupcakes_snack_cakes
12594,candy
17985,chocolate
28178,chocolate
31802,chocolate
14980,candy
3572,chips_pretzels_snacks
24357,chocolate
3851,chips_pretzels_snacks
31089,cookies_biscuits
30284,cakes_cupcakes_snack_cakes
34827,cookies_biscuits
23190,cakes_cupcakes_snack_cakes
29152,chips_pretzels_snacks
1266,cookies_biscuits
14479,chips_pretzels_snacks
7826,candy
7459,popcorn_peanuts_seeds_related_snacks
21144,popcorn_peanuts_seeds_related_snacks
11665,chips_pretzels_snacks
24530,candy
22737,popcorn_peanuts_seeds_related_snacks
26395,candy
13854,candy
17575,chips_pretzels_snacks
26761,candy
10828,chips_pretzels_snacks
18054,popcorn_peanuts_seeds_related_snacks
17651,candy
27456,cakes_cupcakes_snack_cakes
25866,cakes_cupcakes_snack_cakes
33609,cakes_cupcakes_snack_cakes
34903,popcorn_peanuts_seeds_related_snacks
2544,candy
22876,candy
6846,cakes_cupcakes_snack_cakes
6602,cakes_cupcakes_snack_cakes
4362,chocolate
29024,cakes_cupcakes_snack_cakes
33245,chips_pretzels_snacks
22965,candy
25901,popcorn_peanuts_seeds_related_snacks
26138,popcorn_peanuts_seeds_related_snacks
2222,popcorn_peanuts_seeds_related_snacks
19106,cookies_biscuits
15604,popcorn_peanuts_seeds_related_snacks
31877,cakes_cupcakes_snack_cakes
10629,candy
3110,chips_pretzels_snacks
22428,chocolate
25888,popcorn_peanuts_seeds_related_snacks
26730,chocolate
10816,chocolate
6444,chocolate
32295,popcorn_peanuts_seeds_related_snacks
20624,chocolate
21477,popcorn_peanuts_seeds_related_snacks
14262,cakes_cupcakes_snack_cakes
28963,cakes_cupcakes_snack_cakes
34396,popcorn_peanuts_seeds_related_snacks
13953,cakes_cupcakes_snack_cakes
27487,chips_pretzels_snacks
14459,cookies_biscuits
20818,candy
4985,popcorn_peanuts_seeds_related_snacks
19671,cakes_cupcakes_snack_cakes
9639,candy
11955,cookies_biscuits
14346,candy
34530,chocolate
5489,popcorn_peanuts_seeds_related_snacks
5486,cakes_cupcakes_snack_cakes
21100,chips_pretzels_snacks
2710,cakes_cupcakes_snack_cakes
27092,popcorn_peanuts_seeds_related_snacks
16876,cookies_biscuits
13153,candy
29922,candy
4917,candy
13532,cakes_cupcakes_snack_cakes
24602,chocolate
11220,candy
9496,candy
3328,cookies_biscuits
18294,cakes_cupcakes_snack_cakes
24896,chocolate
28801,popcorn_peanuts_seeds_related_snacks
16723,popcorn_peanuts_seeds_related_snacks
17276,cakes_cupcakes_snack_cakes
23939,popcorn_peanuts_seeds_related_snacks
26175,chips_pretzels_snacks
12582,chocolate
30278,chips_pretzels_snacks
17129,popcorn_peanuts_seeds_related_snacks
29145,cakes_cupcakes_snack_cakes
3987,chocolate
12232,candy
12066,chocolate
30524,chips_pretzels_snacks
33070,chips_pretzels_snacks
23020,popcorn_peanuts_seeds_related_snacks
8860,cookies_biscuits
20226,candy
17201,cookies_biscuits
18731,cookies_biscuits
7283,chips_pretzels_snacks
21359,candy
747,candy
6955,cookies_biscuits
1829,popcorn_peanuts_seeds_related_snacks
1143,candy
5833,popcorn_peanuts_seeds_related_snacks
3941,cookies_biscuits
27281,cakes_cupcakes_snack_cakes
24164,cakes_cupcakes_snack_cakes
22600,cookies_biscuits
30784,popcorn_peanuts_seeds_related_snacks
17071,chips_pretzels_snacks
11921,popcorn_peanuts_seeds_related_snacks
26848,chocolate
31126,candy
34114,popcorn_peanuts_seeds_related_snacks
21636,popcorn_peanuts_seeds_related_snacks
16180,popcorn_peanuts_seeds_related_snacks
17814,chocolate
17948,candy
21492,chips_pretzels_snacks
34654,chocolate
15686,cakes_cupcakes_snack_cakes
18650,candy
20127,cookies_biscuits
34660,candy
11953,chips_pretzels_snacks
22694,chocolate
21356,chips_pretzels_snacks
26019,candy
10279,candy
34200,cookies_biscuits
8353,cookies_biscuits
20585,candy
8872,chocolate
5788,cookies_biscuits
3896,popcorn_peanuts_seeds_related_snacks
5034,popcorn_peanuts_seeds_related_snacks
25689,cookies_biscuits
29272,popcorn_peanuts_seeds_related_snacks
24582,popcorn_peanuts_seeds_related_snacks
30492,candy
34678,popcorn_peanuts_seeds_related_snacks
35215,candy
9075,candy
18076,cakes_cupcakes_snack_cakes
17930,candy
9778,cakes_cupcakes_snack_cakes
30618,candy
21781,candy
34559,cookies_biscuits
14920,chips_pretzels_snacks
24160,popcorn_peanuts_seeds_related_snacks
8227,candy
15505,chips_pretzels_snacks
1499,chocolate
9859,chips_pretzels_snacks
2438,cookies_biscuits
3992,cookies_biscuits
26770,candy
22169,cookies_biscuits
29819,cookies_biscuits
6231,popcorn_peanuts_seeds_related_snacks
15736,popcorn_peanuts_seeds_related_snacks
2534,cookies_biscuits
32072,popcorn_peanuts_seeds_related_snacks
6685,cookies_biscuits
3938,cakes_cupcakes_snack_cakes
23390,candy
25378,chocolate
19403,chips_pretzels_snacks
31825,popcorn_peanuts_seeds_related_snacks
9286,chips_pretzels_snacks
23520,candy
9216,popcorn_peanuts_seeds_related_snacks
3731,candy
3887,popcorn_peanuts_seeds_related_snacks
1367,cookies_biscuits
20040,cookies_biscuits
573,cookies_biscuits
9698,chocolate
1337,popcorn_peanuts_seeds_related_snacks
33479,candy
27443,cakes_cupcakes_snack_cakes
25068,cookies_biscuits
17278,popcorn_peanuts_seeds_related_snacks
716,popcorn_peanuts_seeds_related_snacks
31927,cookies_biscuits
11821,popcorn_peanuts_seeds_related_snacks
27248,chocolate
28797,chips_pretzels_snacks
32823,popcorn_peanuts_seeds_related_snacks
7950,cookies_biscuits
16199,cookies_biscuits
25874,candy
25455,popcorn_peanuts_seeds_related_snacks
708,cookies_biscuits
31785,popcorn_peanuts_seeds_related_snacks
18200,popcorn_peanuts_seeds_related_snacks
24983,popcorn_peanuts_seeds_related_snacks
8549,popcorn_peanuts_seeds_related_snacks
890,chips_pretzels_snacks
30025,cakes_cupcakes_snack_cakes
21189,cookies_biscuits
4564,chips_pretzels_snacks
31198,chips_pretzels_snacks
12457,popcorn_peanuts_seeds_related_snacks
1400,candy
33804,candy
26347,popcorn_peanuts_seeds_related_snacks
34884,candy
6183,chocolate
15837,cookies_biscuits
17477,popcorn_peanuts_seeds_related_snacks
20182,candy
14472,cakes_cupcakes_snack_cakes
15220,cookies_biscuits
6848,cakes_cupcakes_snack_cakes
23947,popcorn_peanuts_seeds_related_snacks
14022,popcorn_peanuts_seeds_related_snacks
1623,cookies_biscuits
27921,cookies_biscuits
25615,chips_pretzels_snacks
35141,chips_pretzels_snacks
13214,chips_pretzels_snacks
8761,cakes_cupcakes_snack_cakes
25929,chips_pretzels_snacks
21406,candy
27524,popcorn_peanuts_seeds_related_snacks
4655,candy
24630,candy
23698,cookies_biscuits
28817,cakes_cupcakes_snack_cakes
4141,candy
2916,candy
3472,candy
4853,cookies_biscuits
26881,candy
14300,chocolate
5257,chocolate
33502,cookies_biscuits
24532,candy
14468,popcorn_peanuts_seeds_related_snacks
22223,popcorn_peanuts_seeds_related_snacks
4113,chocolate
1971,cookies_biscuits
23088,cookies_biscuits
14322,candy
14172,popcorn_peanuts_seeds_related_snacks
23529,popcorn_peanuts_seeds_related_snacks
17774,popcorn_peanuts_seeds_related_snacks
9946,popcorn_peanuts_seeds_related_snacks
29953,candy
6321,cakes_cupcakes_snack_cakes
19129,cookies_biscuits
31055,candy
9906,popcorn_peanuts_seeds_related_snacks
31675,popcorn_peanuts_seeds_related_snacks
9067,chips_pretzels_snacks
12736,popcorn_peanuts_seeds_related_snacks
34995,candy
13594,cookies_biscuits
12699,candy
3991,cookies_biscuits
31761,candy
12633,popcorn_peanuts_seeds_related_snacks
2419,candy
32909,candy
22186,cakes_cupcakes_snack_cakes
761,candy
5834,candy
7463,cakes_cupcakes_snack_cakes
16768,chocolate
746,chips_pretzels_snacks
976,candy
10190,chocolate
9710,cakes_cupcakes_snack_cakes
31595,chocolate
22506,cookies_biscuits
26815,candy
33071,cakes_cupcakes_snack_cakes
10697,popcorn_peanuts_seeds_related_snacks
8053,candy
18106,popcorn_peanuts_seeds_related_snacks
33558,popcorn_peanuts_seeds_related_snacks
2237,chocolate
3873,popcorn_peanuts_seeds_related_snacks
13926,popcorn_peanuts_seeds_related_snacks
15185,chocolate
33639,popcorn_peanuts_seeds_related_snacks
15817,popcorn_peanuts_seeds_related_snacks
11548,chips_pretzels_snacks
10026,chips_pretzels_snacks
1796,candy
24308,candy
931,candy
8756,cakes_cupcakes_snack_cakes
6751,cookies_biscuits
1614,popcorn_peanuts_seeds_related_snacks
863,chocolate
30951,cakes_cupcakes_snack_cakes
24538,candy
5931,candy
27320,candy
21869,chips_pretzels_snacks
20919,popcorn_peanuts_seeds_related_snacks
30077,popcorn_peanuts_seeds_related_snacks
28714,candy
4431,popcorn_peanuts_seeds_related_snacks
12379,popcorn_peanuts_seeds_related_snacks
14579,candy
21747,cookies_biscuits
34851,chips_pretzels_snacks
28328,popcorn_peanuts_seeds_related_snacks
12782,chips_pretzels_snacks
30906,candy
20869,cakes_cupcakes_snack_cakes
25177,popcorn_peanuts_seeds_related_snacks
5107,cakes_cupcakes_snack_cakes
27643,cakes_cupcakes_snack_cakes
12294,cakes_cupcakes_snack_cakes
18126,chocolate
24974,popcorn_peanuts_seeds_related_snacks
7019,candy
22561,popcorn_peanuts_seeds_related_snacks
29234,candy
31869,cookies_biscuits
11984,cookies_biscuits
17818,chips_pretzels_snacks
32147,popcorn_peanuts_seeds_related_snacks
32733,cakes_cupcakes_snack_cakes
19077,chocolate
7608,popcorn_peanuts_seeds_related_snacks
2475,chocolate
20836,popcorn_peanuts_seeds_related_snacks
28760,popcorn_peanuts_seeds_related_snacks
2101,chocolate
6378,cakes_cupcakes_snack_cakes
10204,chips_pretzels_snacks
7066,popcorn_peanuts_seeds_related_snacks
11110,popcorn_peanuts_seeds_related_snacks
13682,popcorn_peanuts_seeds_related_snacks
26510,candy
32550,chips_pretzels_snacks
25860,cakes_cupcakes_snack_cakes
30338,cookies_biscuits
17248,candy
24990,chocolate
5625,cakes_cupcakes_snack_cakes
13562,candy
2323,cookies_biscuits
23505,popcorn_peanuts_seeds_related_snacks
26178,candy
33600,candy
10891,cakes_cupcakes_snack_cakes
9396,chocolate
34696,chocolate
28553,candy
30841,candy
34235,cookies_biscuits
24238,popcorn_peanuts_seeds_related_snacks
18209,chocolate
27224,candy
9660,candy
28411,popcorn_peanuts_seeds_related_snacks
18140,candy
31484,candy
7975,cookies_biscuits
17357,cakes_cupcakes_snack_cakes
22859,cookies_biscuits
12824,cakes_cupcakes_snack_cakes
3367,candy
16495,cakes_cupcakes_snack_cakes
13459,candy
21977,popcorn_peanuts_seeds_related_snacks
13961,chocolate
330,candy
34978,popcorn_peanuts_seeds_related_snacks
19474,popcorn_peanuts_seeds_related_snacks
34358,popcorn_peanuts_seeds_related_snacks
22878,popcorn_peanuts_seeds_related_snacks
17984,candy
12345,candy
3695,cakes_cupcakes_snack_cakes
32437,candy
18740,chocolate
15380,popcorn_peanuts_seeds_related_snacks
21319,chocolate
23448,cakes_cupcakes_snack_cakes
8603,popcorn_peanuts_seeds_related_snacks
25574,chips_pretzels_snacks
7389,popcorn_peanuts_seeds_related_snacks
4018,cakes_cupcakes_snack_cakes
2297,candy
562,popcorn_peanuts_seeds_related_snacks
11910,cakes_cupcakes_snack_cakes
24338,cakes_cupcakes_snack_cakes
9271,candy
31193,candy
12548,candy
6226,popcorn_peanuts_seeds_related_snacks
23952,popcorn_peanuts_seeds_related_snacks
11661,candy
19229,candy
32117,candy
13321,candy
2637,chips_pretzels_snacks
31044,candy
23182,popcorn_peanuts_seeds_related_snacks
18169,chocolate
22627,cookies_biscuits
33368,chips_pretzels_snacks
12565,candy
12246,popcorn_peanuts_seeds_related_snacks
1425,chips_pretzels_snacks
149,cookies_biscuits
29614,cookies_biscuits
5302,cakes_cupcakes_snack_cakes
24464,chips_pretzels_snacks
30286,chocolate
4310,popcorn_peanuts_seeds_related_snacks
27385,cookies_biscuits
23102,cookies_biscuits
12160,candy
9873,popcorn_peanuts_seeds_related_snacks
29552,candy
12363,cakes_cupcakes_snack_cakes
27804,popcorn_peanuts_seeds_related_snacks
4395,popcorn_peanuts_seeds_related_snacks
29653,candy
9214,popcorn_peanuts_seeds_related_snacks
22830,popcorn_peanuts_seeds_related_snacks
13577,cakes_cupcakes_snack_cakes
34196,chocolate
17626,popcorn_peanuts_seeds_related_snacks
9043,chips_pretzels_snacks
2733,candy
23321,chips_pretzels_snacks
15827,cookies_biscuits
7792,chocolate
3242,cookies_biscuits
32229,popcorn_peanuts_seeds_related_snacks
14534,popcorn_peanuts_seeds_related_snacks
7272,chocolate
17382,chips_pretzels_snacks
33657,popcorn_peanuts_seeds_related_snacks
8722,cookies_biscuits
17444,popcorn_peanuts_seeds_related_snacks
30803,popcorn_peanuts_seeds_related_snacks
28806,chocolate
28944,cakes_cupcakes_snack_cakes
12121,candy
24066,chocolate
28101,popcorn_peanuts_seeds_related_snacks
22885,popcorn_peanuts_seeds_related_snacks
24566,cookies_biscuits
3684,chocolate
20638,chocolate
6103,candy
33252,cookies_biscuits
33615,cakes_cupcakes_snack_cakes
33128,popcorn_peanuts_seeds_related_snacks
17170,cakes_cupcakes_snack_cakes
25685,candy
25496,cookies_biscuits
8012,popcorn_peanuts_seeds_related_snacks
20653,chocolate
5238,candy
35021,chocolate
2981,cookies_biscuits
23666,cakes_cupcakes_snack_cakes
12469,cakes_cupcakes_snack_cakes
33080,popcorn_peanuts_seeds_related_snacks
25634,candy
1319,candy
11414,chips_pretzels_snacks
26020,candy
29820,cakes_cupcakes_snack_cakes
5448,popcorn_peanuts_seeds_related_snacks
26541,chocolate
33125,cookies_biscuits
13145,cakes_cupcakes_snack_cakes
15361,candy
10370,popcorn_peanuts_seeds_related_snacks
2999,popcorn_peanuts_seeds_related_snacks
6284,popcorn_peanuts_seeds_related_snacks
29134,cookies_biscuits
20968,chocolate
24786,popcorn_peanuts_seeds_related_snacks
743,cookies_biscuits
7683,cookies_biscuits
5785,chips_pretzels_snacks
12435,cookies_biscuits
8885,chocolate
33858,cookies_biscuits
15120,candy
23075,popcorn_peanuts_seeds_related_snacks
17051,chocolate
24286,popcorn_peanuts_seeds_related_snacks
21708,cookies_biscuits
1881,popcorn_peanuts_seeds_related_snacks
22624,chips_pretzels_snacks
1977,cakes_cupcakes_snack_cakes
14919,candy
19476,cakes_cupcakes_snack_cakes
21546,cakes_cupcakes_snack_cakes
3032,candy
10904,chips_pretzels_snacks
25093,popcorn_peanuts_seeds_related_snacks
9050,cakes_cupcakes_snack_cakes
24213,chocolate
6422,popcorn_peanuts_seeds_related_snacks
26580,popcorn_peanuts_seeds_related_snacks
939,cakes_cupcakes_snack_cakes
29636,popcorn_peanuts_seeds_related_snacks
21574,candy
5611,chips_pretzels_snacks
10750,cookies_biscuits
34539,cookies_biscuits
8900,chips_pretzels_snacks
30592,candy
35127,candy
24678,chocolate
10228,chips_pretzels_snacks
9181,popcorn_peanuts_seeds_related_snacks
22028,candy
955,popcorn_peanuts_seeds_related_snacks
27793,popcorn_peanuts_seeds_related_snacks
26712,cookies_biscuits
21393,popcorn_peanuts_seeds_related_snacks
12628,cookies_biscuits
16132,cakes_cupcakes_snack_cakes
33888,cakes_cupcakes_snack_cakes
15160,cookies_biscuits
27601,cookies_biscuits
14237,chocolate
34567,candy
34377,chips_pretzels_snacks
26213,popcorn_peanuts_seeds_related_snacks
29708,popcorn_peanuts_seeds_related_snacks
10568,cookies_biscuits
12920,chocolate
12968,popcorn_peanuts_seeds_related_snacks
22745,popcorn_peanuts_seeds_related_snacks
19662,cakes_cupcakes_snack_cakes
16019,cookies_biscuits
1713,chocolate
19593,candy
3722,popcorn_peanuts_seeds_related_snacks
3832,popcorn_peanuts_seeds_related_snacks
27846,cakes_cupcakes_snack_cakes
22629,popcorn_peanuts_seeds_related_snacks
34587,popcorn_peanuts_seeds_related_snacks
30247,popcorn_peanuts_seeds_related_snacks
17084,candy
24358,popcorn_peanuts_seeds_related_snacks
9629,popcorn_peanuts_seeds_related_snacks
6500,candy
7048,popcorn_peanuts_seeds_related_snacks
2431,candy
1168,cakes_cupcakes_snack_cakes
21997,chips_pretzels_snacks
23636,popcorn_peanuts_seeds_related_snacks
13175,chocolate
22521,popcorn_peanuts_seeds_related_snacks
26397,chips_pretzels_snacks
26081,candy
22810,candy
22093,cookies_biscuits
2722,popcorn_peanuts_seeds_related_snacks
17555,cookies_biscuits
9623,popcorn_peanuts_seeds_related_snacks
40,cookies_biscuits
18131,candy
10876,popcorn_peanuts_seeds_related_snacks
20326,popcorn_peanuts_seeds_related_snacks
19608,cookies_biscuits
12009,candy
32244,chips_pretzels_snacks
12465,popcorn_peanuts_seeds_related_snacks
3515,candy
365,candy
15465,candy
22395,chips_pretzels_snacks
31787,cookies_biscuits
15903,chocolate
32624,cakes_cupcakes_snack_cakes
29122,chocolate
11451,cakes_cupcakes_snack_cakes
5358,cookies_biscuits
32223,popcorn_peanuts_seeds_related_snacks
8690,candy
9812,cookies_biscuits
3336,chocolate
27735,popcorn_peanuts_seeds_related_snacks
28070,chocolate
27646,chips_pretzels_snacks
12898,popcorn_peanuts_seeds_related_snacks
26002,candy
4993,candy
18932,chips_pretzels_snacks
5004,candy
13939,chocolate
34409,chocolate
1600,candy
12290,popcorn_peanuts_seeds_related_snacks
24073,popcorn_peanuts_seeds_related_snacks
13621,popcorn_peanuts_seeds_related_snacks
32450,candy
31383,candy
21257,candy
17408,candy
24623,candy
16910,candy
30878,candy
20397,candy
35202,popcorn_peanuts_seeds_related_snacks
13717,cakes_cupcakes_snack_cakes
11326,candy
3954,candy
28058,popcorn_peanuts_seeds_related_snacks
32724,candy
22365,cookies_biscuits
4248,chips_pretzels_snacks
23024,popcorn_peanuts_seeds_related_snacks
35040,candy
10023,cookies_biscuits
12753,candy
23872,chocolate
14354,chips_pretzels_snacks
35140,chips_pretzels_snacks
17058,popcorn_peanuts_seeds_related_snacks
15294,chips_pretzels_snacks
12975,cookies_biscuits
29709,candy
1262,candy
331,popcorn_peanuts_seeds_related_snacks
8142,candy
25416,candy
10543,cakes_cupcakes_snack_cakes
8327,candy
28757,cakes_cupcakes_snack_cakes
13450,popcorn_peanuts_seeds_related_snacks
26757,popcorn_peanuts_seeds_related_snacks
34562,cakes_cupcakes_snack_cakes
14682,cookies_biscuits
29342,cakes_cupcakes_snack_cakes
1917,cookies_biscuits
32790,popcorn_peanuts_seeds_related_snacks
28798,cookies_biscuits
4539,cookies_biscuits
28321,chocolate
31002,popcorn_peanuts_seeds_related_snacks
1928,chips_pretzels_snacks
27488,popcorn_peanuts_seeds_related_snacks
4346,cookies_biscuits
32338,popcorn_peanuts_seeds_related_snacks
25125,chocolate
7289,chocolate
14916,popcorn_peanuts_seeds_related_snacks
9779,chocolate
630,candy
16077,candy
13615,chips_pretzels_snacks
33731,chips_pretzels_snacks
26945,popcorn_peanuts_seeds_related_snacks
1289,cookies_biscuits
31455,cakes_cupcakes_snack_cakes
107,chips_pretzels_snacks
17039,cakes_cupcakes_snack_cakes
22016,cookies_biscuits
32983,candy
12525,cookies_biscuits
13616,chocolate
7110,candy
18547,chips_pretzels_snacks
5744,cakes_cupcakes_snack_cakes
25280,candy
21822,cakes_cupcakes_snack_cakes
24161,chocolate
24977,cakes_cupcakes_snack_cakes
1879,candy
11022,chocolate
28130,candy
26086,cakes_cupcakes_snack_cakes
1203,candy
32025,cookies_biscuits
27048,popcorn_peanuts_seeds_related_snacks
14667,chocolate
24734,popcorn_peanuts_seeds_related_snacks
4444,candy
1875,cookies_biscuits
29913,chips_pretzels_snacks
7396,cookies_biscuits
29677,cakes_cupcakes_snack_cakes
33914,cakes_cupcakes_snack_cakes
30633,chips_pretzels_snacks
12796,cakes_cupcakes_snack_cakes
13819,popcorn_peanuts_seeds_related_snacks
13647,cookies_biscuits
8499,cookies_biscuits
25954,candy
25021,cakes_cupcakes_snack_cakes
11582,cakes_cupcakes_snack_cakes
19254,cookies_biscuits
29570,chips_pretzels_snacks
28730,popcorn_peanuts_seeds_related_snacks
18785,chips_pretzels_snacks
26724,popcorn_peanuts_seeds_related_snacks
18728,cakes_cupcakes_snack_cakes
2342,candy
16518,chocolate
34317,chips_pretzels_snacks
19521,cakes_cupcakes_snack_cakes
31365,popcorn_peanuts_seeds_related_snacks
30360,candy
17010,popcorn_peanuts_seeds_related_snacks
3109,cookies_biscuits
4684,candy
16298,popcorn_peanuts_seeds_related_snacks
8631,popcorn_peanuts_seeds_related_snacks
21844,chips_pretzels_snacks
18803,popcorn_peanuts_seeds_related_snacks
18903,candy
6648,popcorn_peanuts_seeds_related_snacks
16945,popcorn_peanuts_seeds_related_snacks
22140,cakes_cupcakes_snack_cakes
13349,candy
8930,candy
19835,candy
26189,candy
9619,candy
20025,cookies_biscuits
20895,chocolate
21518,popcorn_peanuts_seeds_related_snacks
14551,popcorn_peanuts_seeds_related_snacks
4354,candy
28915,popcorn_peanuts_seeds_related_snacks
26549,cookies_biscuits
9040,popcorn_peanuts_seeds_related_snacks
34518,chocolate
26293,popcorn_peanuts_seeds_related_snacks
7249,candy
23152,cookies_biscuits
16555,popcorn_peanuts_seeds_related_snacks
17740,chips_pretzels_snacks
1466,popcorn_peanuts_seeds_related_snacks
8274,popcorn_peanuts_seeds_related_snacks
34064,popcorn_peanuts_seeds_related_snacks
15722,cookies_biscuits
14859,cookies_biscuits
14702,candy
34316,candy
26269,popcorn_peanuts_seeds_related_snacks
11519,popcorn_peanuts_seeds_related_snacks
35195,chips_pretzels_snacks
29620,chips_pretzels_snacks
18245,cookies_biscuits
25159,chocolate
6741,cookies_biscuits
9796,cookies_biscuits
29156,popcorn_peanuts_seeds_related_snacks
17554,cookies_biscuits
6619,cakes_cupcakes_snack_cakes
15143,candy
5443,chocolate
14560,chocolate
34909,cakes_cupcakes_snack_cakes
2527,popcorn_peanuts_seeds_related_snacks
18700,candy
29998,popcorn_peanuts_seeds_related_snacks
11840,cakes_cupcakes_snack_cakes
32054,candy
17770,candy
20403,cookies_biscuits
11786,chocolate
11554,chocolate
16300,candy
17445,cookies_biscuits
3316,cookies_biscuits
21694,popcorn_peanuts_seeds_related_snacks
12644,chocolate
11738,chocolate
21896,cookies_biscuits
6677,cookies_biscuits
8152,popcorn_peanuts_seeds_related_snacks
30344,cakes_cupcakes_snack_cakes
27021,candy
453,chips_pretzels_snacks
21019,cakes_cupcakes_snack_cakes
17783,candy
28977,chips_pretzels_snacks
1477,popcorn_peanuts_seeds_related_snacks
24613,popcorn_peanuts_seeds_related_snacks
26101,candy
876,chocolate
26651,candy
19839,chips_pretzels_snacks
30050,popcorn_peanuts_seeds_related_snacks
25412,popcorn_peanuts_seeds_related_snacks
29458,cakes_cupcakes_snack_cakes
4651,chips_pretzels_snacks
872,chocolate
24639,candy
11401,popcorn_peanuts_seeds_related_snacks
15383,chocolate
14960,chips_pretzels_snacks
16905,popcorn_peanuts_seeds_related_snacks
19224,popcorn_peanuts_seeds_related_snacks
17905,popcorn_peanuts_seeds_related_snacks
35109,cakes_cupcakes_snack_cakes
26316,popcorn_peanuts_seeds_related_snacks
7972,chips_pretzels_snacks
21514,chocolate
841,chocolate
5150,chips_pretzels_snacks
20962,candy
267,popcorn_peanuts_seeds_related_snacks
11493,chips_pretzels_snacks
5188,candy
23324,cookies_biscuits
31069,popcorn_peanuts_seeds_related_snacks
17244,cakes_cupcakes_snack_cakes
25241,popcorn_peanuts_seeds_related_snacks
10637,cakes_cupcakes_snack_cakes
1220,chips_pretzels_snacks
7083,cakes_cupcakes_snack_cakes
3536,cookies_biscuits
12661,popcorn_peanuts_seeds_related_snacks
19722,chips_pretzels_snacks
33535,candy
11813,popcorn_peanuts_seeds_related_snacks
9347,cakes_cupcakes_snack_cakes
25783,popcorn_peanuts_seeds_related_snacks
18166,popcorn_peanuts_seeds_related_snacks
18101,popcorn_peanuts_seeds_related_snacks
33318,popcorn_peanuts_seeds_related_snacks
26878,chips_pretzels_snacks
25223,popcorn_peanuts_seeds_related_snacks
10313,chocolate
4449,popcorn_peanuts_seeds_related_snacks
31012,popcorn_peanuts_seeds_related_snacks
20559,chocolate
8105,popcorn_peanuts_seeds_related_snacks
31170,popcorn_peanuts_seeds_related_snacks
30497,candy
32501,popcorn_peanuts_seeds_related_snacks
31318,cookies_biscuits
4588,chips_pretzels_snacks
7210,popcorn_peanuts_seeds_related_snacks
2201,popcorn_peanuts_seeds_related_snacks
14601,cookies_biscuits
9176,cakes_cupcakes_snack_cakes
25774,candy
2931,chocolate
33373,cookies_biscuits
23317,popcorn_peanuts_seeds_related_snacks
3460,chips_pretzels_snacks
5375,candy
31346,chips_pretzels_snacks
6054,cookies_biscuits
4955,chocolate
3986,candy
11752,popcorn_peanuts_seeds_related_snacks
7233,chips_pretzels_snacks
23687,popcorn_peanuts_seeds_related_snacks
26448,cakes_cupcakes_snack_cakes
28284,chocolate
29383,popcorn_peanuts_seeds_related_snacks
33605,candy
25869,chips_pretzels_snacks
8409,cakes_cupcakes_snack_cakes
13508,popcorn_peanuts_seeds_related_snacks
25348,candy
20763,chips_pretzels_snacks
14799,cakes_cupcakes_snack_cakes
16603,candy
27950,popcorn_peanuts_seeds_related_snacks
7851,cookies_biscuits
22406,popcorn_peanuts_seeds_related_snacks
25503,candy
13187,cookies_biscuits
31558,candy
258,candy
14043,popcorn_peanuts_seeds_related_snacks
16770,chips_pretzels_snacks
1863,chocolate
2436,candy
5394,popcorn_peanuts_seeds_related_snacks
16008,chocolate
21489,chips_pretzels_snacks
16255,cookies_biscuits
26985,popcorn_peanuts_seeds_related_snacks
22349,popcorn_peanuts_seeds_related_snacks
10522,cookies_biscuits
7239,cookies_biscuits
29701,chips_pretzels_snacks
20032,cookies_biscuits
31775,candy
4360,chips_pretzels_snacks
9929,cakes_cupcakes_snack_cakes
22672,candy
20320,candy
29791,candy
6630,chips_pretzels_snacks
20956,chips_pretzels_snacks
8443,cookies_biscuits
28518,cookies_biscuits
4736,candy
7834,chips_pretzels_snacks
6248,cookies_biscuits
15231,chips_pretzels_snacks
13009,popcorn_peanuts_seeds_related_snacks
26926,popcorn_peanuts_seeds_related_snacks
26384,chips_pretzels_snacks
28519,chips_pretzels_snacks
144,popcorn_peanuts_seeds_related_snacks
1518,candy
5242,chocolate
448,candy
7254,candy
1420,cookies_biscuits
25731,candy
32739,cookies_biscuits
30945,candy
19704,cakes_cupcakes_snack_cakes
20347,chocolate
4843,chips_pretzels_snacks
3463,popcorn_peanuts_seeds_related_snacks
16489,cookies_biscuits
17184,candy
13923,cakes_cupcakes_snack_cakes
903,popcorn_peanuts_seeds_related_snacks
5973,candy
28041,candy
31025,chocolate
4292,cookies_biscuits
28273,candy
24137,candy
21450,cakes_cupcakes_snack_cakes
14382,cookies_biscuits
34265,chips_pretzels_snacks
321,chocolate
3096,candy
5388,cakes_cupcakes_snack_cakes
7511,chocolate
8185,chips_pretzels_snacks
33280,candy
21650,popcorn_peanuts_seeds_related_snacks
10871,cookies_biscuits
4765,chips_pretzels_snacks
26219,chocolate
2062,chips_pretzels_snacks
17758,cakes_cupcakes_snack_cakes
14869,chocolate
23598,popcorn_peanuts_seeds_related_snacks
15110,chocolate
23165,popcorn_peanuts_seeds_related_snacks
27086,cookies_biscuits
5092,candy
6220,popcorn_peanuts_seeds_related_snacks
2627,candy
18948,cookies_biscuits
4593,candy
33374,chocolate
21076,chocolate
6931,candy
27157,cakes_cupcakes_snack_cakes
14474,popcorn_peanuts_seeds_related_snacks
15567,popcorn_peanuts_seeds_related_snacks
11542,chips_pretzels_snacks
32211,chips_pretzels_snacks
27435,popcorn_peanuts_seeds_related_snacks
794,cookies_biscuits
12728,cakes_cupcakes_snack_cakes
32874,popcorn_peanuts_seeds_related_snacks
1439,chips_pretzels_snacks
19222,chocolate
20105,cookies_biscuits
1712,candy
25407,popcorn_peanuts_seeds_related_snacks
5514,cookies_biscuits
4013,popcorn_peanuts_seeds_related_snacks
15961,candy
16010,popcorn_peanuts_seeds_related_snacks
14629,cakes_cupcakes_snack_cakes
11369,chocolate
14536,cookies_biscuits
1290,candy
27795,popcorn_peanuts_seeds_related_snacks
19450,cookies_biscuits
759,popcorn_peanuts_seeds_related_snacks
21826,candy
4266,chips_pretzels_snacks
10521,chocolate
32921,cookies_biscuits
8646,candy
16581,candy
8679,chips_pretzels_snacks
5851,popcorn_peanuts_seeds_related_snacks
8516,candy
9816,candy
18117,candy
31694,cookies_biscuits
27600,chocolate
27932,popcorn_peanuts_seeds_related_snacks
31714,candy
31522,cookies_biscuits
20225,chocolate
27956,candy
24107,chips_pretzels_snacks
19489,cookies_biscuits
27465,cookies_biscuits
380,candy
4282,popcorn_peanuts_seeds_related_snacks
34248,popcorn_peanuts_seeds_related_snacks
11767,chocolate
32951,popcorn_peanuts_seeds_related_snacks
28537,candy
29050,popcorn_peanuts_seeds_related_snacks
32191,cakes_cupcakes_snack_cakes
20804,chips_pretzels_snacks
14069,chips_pretzels_snacks
29288,candy
14157,popcorn_peanuts_seeds_related_snacks
7310,popcorn_peanuts_seeds_related_snacks
14652,popcorn_peanuts_seeds_related_snacks
31808,candy
21161,candy
8134,candy
23532,cakes_cupcakes_snack_cakes
8259,candy
1106,popcorn_peanuts_seeds_related_snacks
17602,popcorn_peanuts_seeds_related_snacks
29159,candy
342,popcorn_peanuts_seeds_related_snacks
10937,cookies_biscuits
2368,candy
14772,popcorn_peanuts_seeds_related_snacks
20373,popcorn_peanuts_seeds_related_snacks
35208,chips_pretzels_snacks
4868,popcorn_peanuts_seeds_related_snacks
21683,popcorn_peanuts_seeds_related_snacks
5465,chocolate
6987,candy
12137,candy
17031,popcorn_peanuts_seeds_related_snacks
4125,candy
10624,cookies_biscuits
34028,popcorn_peanuts_seeds_related_snacks
5574,candy
20407,popcorn_peanuts_seeds_related_snacks
30092,popcorn_peanuts_seeds_related_snacks
19273,popcorn_peanuts_seeds_related_snacks
17467,cookies_biscuits
24701,chips_pretzels_snacks
2141,cakes_cupcakes_snack_cakes
24595,popcorn_peanuts_seeds_related_snacks
31449,candy
3392,cookies_biscuits
6603,popcorn_peanuts_seeds_related_snacks
21564,popcorn_peanuts_seeds_related_snacks
20222,popcorn_peanuts_seeds_related_snacks
25978,cookies_biscuits
5410,candy
15552,popcorn_peanuts_seeds_related_snacks
27870,chocolate
12306,popcorn_peanuts_seeds_related_snacks
14217,candy
5237,chips_pretzels_snacks
14144,chips_pretzels_snacks
7812,candy
7917,chips_pretzels_snacks
34549,cakes_cupcakes_snack_cakes
33746,popcorn_peanuts_seeds_related_snacks
866,popcorn_peanuts_seeds_related_snacks
32157,candy
5778,candy
28395,popcorn_peanuts_seeds_related_snacks
22594,candy
26444,chips_pretzels_snacks
11467,cakes_cupcakes_snack_cakes
29266,candy
9373,cookies_biscuits
6092,chips_pretzels_snacks
21396,candy
11730,chocolate
4258,cakes_cupcakes_snack_cakes
16841,chocolate
18578,popcorn_peanuts_seeds_related_snacks
11436,popcorn_peanuts_seeds_related_snacks
34224,popcorn_peanuts_seeds_related_snacks
12479,chocolate
30555,candy
10330,cakes_cupcakes_snack_cakes
26494,popcorn_peanuts_seeds_related_snacks
19666,candy
19087,candy
10256,candy
15201,popcorn_peanuts_seeds_related_snacks
13098,chocolate
3293,popcorn_peanuts_seeds_related_snacks
23181,popcorn_peanuts_seeds_related_snacks
31448,candy
2862,cookies_biscuits
17501,candy
19235,chips_pretzels_snacks
12404,cakes_cupcakes_snack_cakes
7844,candy
27063,popcorn_peanuts_seeds_related_snacks
16272,cookies_biscuits
34947,popcorn_peanuts_seeds_related_snacks
16169,chips_pretzels_snacks
12579,cookies_biscuits
21361,candy
14586,cakes_cupcakes_snack_cakes
23731,cookies_biscuits
13517,chocolate
1531,chips_pretzels_snacks
1403,chocolate
31574,candy
28847,chocolate
19465,cookies_biscuits
8198,chocolate
19635,cookies_biscuits
14277,candy
19905,popcorn_peanuts_seeds_related_snacks
10599,cookies_biscuits
32881,chips_pretzels_snacks
24829,popcorn_peanuts_seeds_related_snacks
28263,cookies_biscuits
16451,candy
12712,chocolate
2994,popcorn_peanuts_seeds_related_snacks
27899,cookies_biscuits
30801,cookies_biscuits
31292,cakes_cupcakes_snack_cakes
17966,candy
18201,candy
19802,cakes_cupcakes_snack_cakes
30751,candy
33296,candy
3977,cakes_cupcakes_snack_cakes
21596,candy
1373,candy
27944,candy
14021,chips_pretzels_snacks
30993,candy
34651,popcorn_peanuts_seeds_related_snacks
24541,popcorn_peanuts_seeds_related_snacks
9370,candy
3200,candy
22101,popcorn_peanuts_seeds_related_snacks
34802,cookies_biscuits
25735,candy
2542,chocolate
13523,candy
22904,cakes_cupcakes_snack_cakes
6538,candy
33520,chips_pretzels_snacks
19715,chips_pretzels_snacks
32572,popcorn_peanuts_seeds_related_snacks
33213,cakes_cupcakes_snack_cakes
7836,chocolate
10118,popcorn_peanuts_seeds_related_snacks
22770,popcorn_peanuts_seeds_related_snacks
28746,cakes_cupcakes_snack_cakes
31361,popcorn_peanuts_seeds_related_snacks
34885,cookies_biscuits
8720,popcorn_peanuts_seeds_related_snacks
15255,chocolate
12942,popcorn_peanuts_seeds_related_snacks
11417,chocolate
7618,candy
13473,cookies_biscuits
26775,cookies_biscuits
6167,cakes_cupcakes_snack_cakes
11254,candy
32939,cookies_biscuits
13525,popcorn_peanuts_seeds_related_snacks
24690,popcorn_peanuts_seeds_related_snacks
14331,cakes_cupcakes_snack_cakes
9368,cakes_cupcakes_snack_cakes
5903,cakes_cupcakes_snack_cakes
21261,popcorn_peanuts_seeds_related_snacks
33838,cookies_biscuits
26008,candy
28504,cookies_biscuits
4858,popcorn_peanuts_seeds_related_snacks
28708,candy
13489,popcorn_peanuts_seeds_related_snacks
34389,candy
13595,candy
17259,popcorn_peanuts_seeds_related_snacks
7760,chips_pretzels_snacks
858,candy
1972,popcorn_peanuts_seeds_related_snacks
34836,candy
4532,popcorn_peanuts_seeds_related_snacks
25788,candy
32956,candy
32866,chips_pretzels_snacks
19721,candy
24856,cakes_cupcakes_snack_cakes
22644,cookies_biscuits
1513,popcorn_peanuts_seeds_related_snacks
4246,cookies_biscuits
14037,cookies_biscuits
28845,cookies_biscuits
33788,chips_pretzels_snacks
24177,candy
34963,cookies_biscuits
8250,candy
31910,candy
32309,cookies_biscuits
8897,popcorn_peanuts_seeds_related_snacks
31026,chocolate
30383,popcorn_peanuts_seeds_related_snacks
17667,cakes_cupcakes_snack_cakes
6160,candy
5796,popcorn_peanuts_seeds_related_snacks
4724,chocolate
23380,chips_pretzels_snacks
6884,cakes_cupcakes_snack_cakes
28417,cakes_cupcakes_snack_cakes
1544,candy
21629,candy
11951,chips_pretzels_snacks
26075,chocolate
9832,candy
10127,cakes_cupcakes_snack_cakes
21569,candy
17460,chips_pretzels_snacks
9711,candy
18850,cookies_biscuits
20729,popcorn_peanuts_seeds_related_snacks
8117,popcorn_peanuts_seeds_related_snacks
31731,candy
33621,chips_pretzels_snacks
14426,chocolate
14901,popcorn_peanuts_seeds_related_snacks
24551,candy
25473,popcorn_peanuts_seeds_related_snacks
1232,cookies_biscuits
9023,candy
29063,popcorn_peanuts_seeds_related_snacks
6347,candy
510,candy
104,chocolate
19800,chips_pretzels_snacks
8485,candy
29645,chips_pretzels_snacks
28260,candy
7336,cookies_biscuits
21725,cookies_biscuits
31993,candy
15517,candy
3159,popcorn_peanuts_seeds_related_snacks
14891,cakes_cupcakes_snack_cakes
10546,popcorn_peanuts_seeds_related_snacks
20098,cookies_biscuits
3125,chocolate
27131,cakes_cupcakes_snack_cakes
31881,cookies_biscuits
10722,candy
32799,candy
9556,candy
33356,candy
31853,candy
23211,popcorn_peanuts_seeds_related_snacks
2753,cookies_biscuits
11692,cookies_biscuits
26139,candy
22494,chocolate
13861,chips_pretzels_snacks
25592,chocolate
10688,cookies_biscuits
10092,candy
26425,chips_pretzels_snacks
31295,chips_pretzels_snacks
15853,popcorn_peanuts_seeds_related_snacks
14656,popcorn_peanuts_seeds_related_snacks
32524,popcorn_peanuts_seeds_related_snacks
20998,candy
28490,cakes_cupcakes_snack_cakes
11421,cookies_biscuits
18759,candy
31777,candy
1369,cakes_cupcakes_snack_cakes
24170,candy
3687,candy
31062,cookies_biscuits
506,popcorn_peanuts_seeds_related_snacks
17820,candy
15683,cakes_cupcakes_snack_cakes
19766,cookies_biscuits
22020,cakes_cupcakes_snack_cakes
1876,chips_pretzels_snacks
1292,popcorn_peanuts_seeds_related_snacks
19632,cakes_cupcakes_snack_cakes
2581,candy
13424,cookies_biscuits
24363,candy
22917,cookies_biscuits
5692,cookies_biscuits
10907,candy
26492,popcorn_peanuts_seeds_related_snacks
33909,cookies_biscuits
30907,popcorn_peanuts_seeds_related_snacks
30241,popcorn_peanuts_seeds_related_snacks
21875,candy
31410,chocolate
27295,popcorn_peanuts_seeds_related_snacks
17593,candy
23580,popcorn_peanuts_seeds_related_snacks
19178,popcorn_peanuts_seeds_related_snacks
3920,chips_pretzels_snacks
29233,cookies_biscuits
296,chips_pretzels_snacks
26413,popcorn_peanuts_seeds_related_snacks
3606,cookies_biscuits
19283,popcorn_peanuts_seeds_related_snacks
25572,chips_pretzels_snacks
16871,popcorn_peanuts_seeds_related_snacks
33402,cookies_biscuits
12868,candy
13360,popcorn_peanuts_seeds_related_snacks
3155,cookies_biscuits
33259,popcorn_peanuts_seeds_related_snacks
31515,chips_pretzels_snacks
8745,cookies_biscuits
2304,chips_pretzels_snacks
19173,candy
9098,cakes_cupcakes_snack_cakes
16760,popcorn_peanuts_seeds_related_snacks
313,chocolate
23628,popcorn_peanuts_seeds_related_snacks
2674,popcorn_peanuts_seeds_related_snacks
34052,popcorn_peanuts_seeds_related_snacks
23964,candy
29118,chocolate
2727,popcorn_peanuts_seeds_related_snacks
20054,candy
18708,popcorn_peanuts_seeds_related_snacks
1482,chocolate
394,candy
23145,chocolate
17752,popcorn_peanuts_seeds_related_snacks
26838,chips_pretzels_snacks
9343,popcorn_peanuts_seeds_related_snacks
1646,candy
15142,cakes_cupcakes_snack_cakes
8630,candy
17325,cookies_biscuits
35271,cakes_cupcakes_snack_cakes
30895,cakes_cupcakes_snack_cakes
29960,cakes_cupcakes_snack_cakes
28330,candy
24247,chips_pretzels_snacks
19460,popcorn_peanuts_seeds_related_snacks
25928,candy
17355,chocolate
35153,popcorn_peanuts_seeds_related_snacks
8279,popcorn_peanuts_seeds_related_snacks
4500,popcorn_peanuts_seeds_related_snacks
3555,cakes_cupcakes_snack_cakes
898,cookies_biscuits
8214,chocolate
17681,cookies_biscuits
28148,cakes_cupcakes_snack_cakes
6260,candy
20144,chocolate
18182,cookies_biscuits
18941,candy
14599,popcorn_peanuts_seeds_related_snacks
15881,popcorn_peanuts_seeds_related_snacks
27940,chocolate
22354,candy
11849,popcorn_peanuts_seeds_related_snacks
29048,candy
237,chocolate
7696,chocolate
5531,candy
8314,candy
7121,cakes_cupcakes_snack_cakes
28005,cookies_biscuits
29980,chips_pretzels_snacks
24611,cookies_biscuits
13252,candy
22723,cookies_biscuits
25813,cakes_cupcakes_snack_cakes
25250,popcorn_peanuts_seeds_related_snacks
20112,popcorn_peanuts_seeds_related_snacks
14955,chocolate
25853,cookies_biscuits
20663,candy
3188,candy
22381,popcorn_peanuts_seeds_related_snacks
5354,popcorn_peanuts_seeds_related_snacks
7369,cakes_cupcakes_snack_cakes
17179,candy
395,candy
14423,candy
4377,cakes_cupcakes_snack_cakes
21503,candy
2986,candy
13434,popcorn_peanuts_seeds_related_snacks
27800,chocolate
2562,chips_pretzels_snacks
10158,candy
1223,candy
34914,cakes_cupcakes_snack_cakes
29387,cookies_biscuits
20380,popcorn_peanuts_seeds_related_snacks
1746,candy
26505,cookies_biscuits
6545,candy
12518,popcorn_peanuts_seeds_related_snacks
7358,popcorn_peanuts_seeds_related_snacks
2691,popcorn_peanuts_seeds_related_snacks
7658,popcorn_peanuts_seeds_related_snacks
25570,candy
11165,chocolate
19463,chocolate
17639,cakes_cupcakes_snack_cakes
6402,popcorn_peanuts_seeds_related_snacks
5997,cookies_biscuits
9132,cakes_cupcakes_snack_cakes
1230,popcorn_peanuts_seeds_related_snacks
31083,popcorn_peanuts_seeds_related_snacks
20405,popcorn_peanuts_seeds_related_snacks
34003,cookies_biscuits
8064,popcorn_peanuts_seeds_related_snacks
11478,chips_pretzels_snacks
7236,candy
18266,candy
16597,chips_pretzels_snacks
3443,popcorn_peanuts_seeds_related_snacks
20156,chips_pretzels_snacks
29941,popcorn_peanuts_seeds_related_snacks
10052,popcorn_peanuts_seeds_related_snacks
25464,popcorn_peanuts_seeds_related_snacks
33328,candy
15187,cookies_biscuits
6152,cookies_biscuits
7399,candy
34300,candy
19236,cakes_cupcakes_snack_cakes
26831,popcorn_peanuts_seeds_related_snacks
17627,chips_pretzels_snacks
22528,popcorn_peanuts_seeds_related_snacks
21110,cakes_cupcakes_snack_cakes
28049,popcorn_peanuts_seeds_related_snacks
27311,candy
22021,popcorn_peanuts_seeds_related_snacks
9868,popcorn_peanuts_seeds_related_snacks
30030,popcorn_peanuts_seeds_related_snacks
27432,popcorn_peanuts_seeds_related_snacks
20066,candy
14612,candy
14654,cookies_biscuits
25050,cookies_biscuits
7999,candy
30087,chips_pretzels_snacks
15096,chocolate
33190,cakes_cupcakes_snack_cakes
5507,candy
1853,candy
5670,popcorn_peanuts_seeds_related_snacks
27914,cakes_cupcakes_snack_cakes
9645,chocolate
15710,popcorn_peanuts_seeds_related_snacks
7806,popcorn_peanuts_seeds_related_snacks
11497,candy
29277,candy
33926,popcorn_peanuts_seeds_related_snacks
1315,cookies_biscuits
10505,chocolate
34727,cakes_cupcakes_snack_cakes
18094,chips_pretzels_snacks
24907,popcorn_peanuts_seeds_related_snacks
16351,chocolate
29571,cakes_cupcakes_snack_cakes
19607,popcorn_peanuts_seeds_related_snacks
19548,cakes_cupcakes_snack_cakes
34350,cookies_biscuits
28939,chocolate
19060,popcorn_peanuts_seeds_related_snacks
29930,popcorn_peanuts_seeds_related_snacks
32468,chips_pretzels_snacks
15425,chocolate
10329,candy
12614,candy
2885,candy
25030,chips_pretzels_snacks
31980,popcorn_peanuts_seeds_related_snacks
19758,chocolate
11453,candy
6542,candy
24438,cookies_biscuits
178,cakes_cupcakes_snack_cakes
33805,chocolate
24006,cakes_cupcakes_snack_cakes
29500,candy
1412,candy
16739,popcorn_peanuts_seeds_related_snacks
30986,candy
5970,cookies_biscuits
32158,candy
10530,chips_pretzels_snacks
2422,candy
11796,cookies_biscuits
11266,chocolate
35064,popcorn_peanuts_seeds_related_snacks
27596,popcorn_peanuts_seeds_related_snacks
4188,cookies_biscuits
2336,chocolate
5760,candy
15059,popcorn_peanuts_seeds_related_snacks
6018,chips_pretzels_snacks
5529,candy
10358,cookies_biscuits
437,cookies_biscuits
28580,cookies_biscuits
19642,candy
29366,candy
10281,chips_pretzels_snacks
23034,cookies_biscuits
10781,popcorn_peanuts_seeds_related_snacks
18176,popcorn_peanuts_seeds_related_snacks
12203,cookies_biscuits
21998,chocolate
10102,popcorn_peanuts_seeds_related_snacks
21646,candy
20873,candy
33396,popcorn_peanuts_seeds_related_snacks
18560,popcorn_peanuts_seeds_related_snacks
32980,popcorn_peanuts_seeds_related_snacks
34125,popcorn_peanuts_seeds_related_snacks
27734,cookies_biscuits
27529,chocolate
26502,popcorn_peanuts_seeds_related_snacks
8637,candy
2934,chips_pretzels_snacks
15564,chips_pretzels_snacks
27201,cakes_cupcakes_snack_cakes
9158,candy
4006,chocolate
7892,candy
22710,candy
27942,candy
9092,cookies_biscuits
17647,candy
22970,candy
11243,popcorn_peanuts_seeds_related_snacks
21430,cakes_cupcakes_snack_cakes
3223,cakes_cupcakes_snack_cakes
597,chips_pretzels_snacks
34467,candy
22680,candy
20880,cookies_biscuits
27011,chocolate
7174,chips_pretzels_snacks
11473,candy
12484,popcorn_peanuts_seeds_related_snacks
11740,popcorn_peanuts_seeds_related_snacks
7204,popcorn_peanuts_seeds_related_snacks
33884,popcorn_peanuts_seeds_related_snacks
9219,cookies_biscuits
21586,cookies_biscuits
27884,popcorn_peanuts_seeds_related_snacks
10035,candy
15028,popcorn_peanuts_seeds_related_snacks
11062,popcorn_peanuts_seeds_related_snacks
7458,chips_pretzels_snacks
32712,candy
19061,popcorn_peanuts_seeds_related_snacks
28874,popcorn_peanuts_seeds_related_snacks
9505,popcorn_peanuts_seeds_related_snacks
18222,popcorn_peanuts_seeds_related_snacks
23005,popcorn_peanuts_seeds_related_snacks
22493,popcorn_peanuts_seeds_related_snacks
13782,candy
31486,cookies_biscuits
2437,candy
24131,cookies_biscuits
25255,cakes_cupcakes_snack_cakes
6440,popcorn_peanuts_seeds_related_snacks
20051,chocolate
18305,chocolate
24208,popcorn_peanuts_seeds_related_snacks
16091,cakes_cupcakes_snack_cakes
34553,candy
20299,popcorn_peanuts_seeds_related_snacks
7554,candy
3400,popcorn_peanuts_seeds_related_snacks
9385,cookies_biscuits
2288,candy
186,chips_pretzels_snacks
4497,chocolate
11390,cookies_biscuits
27003,chips_pretzels_snacks
25435,candy
33562,chocolate
3315,cakes_cupcakes_snack_cakes
19982,popcorn_peanuts_seeds_related_snacks
23226,cookies_biscuits
11619,candy
22823,cakes_cupcakes_snack_cakes
7830,chocolate
22270,cakes_cupcakes_snack_cakes
5483,cookies_biscuits
10714,chocolate
11358,candy
33511,chocolate
15665,chips_pretzels_snacks
10863,chips_pretzels_snacks
3078,candy
30282,chocolate
25079,popcorn_peanuts_seeds_related_snacks
28982,popcorn_peanuts_seeds_related_snacks
10423,popcorn_peanuts_seeds_related_snacks
34148,cookies_biscuits
26832,chips_pretzels_snacks
22788,cakes_cupcakes_snack_cakes
15807,popcorn_peanuts_seeds_related_snacks
32788,cookies_biscuits
12738,cookies_biscuits
11704,popcorn_peanuts_seeds_related_snacks
16112,cakes_cupcakes_snack_cakes
21910,candy
8473,cakes_cupcakes_snack_cakes
5609,chocolate
22849,cakes_cupcakes_snack_cakes
457,popcorn_peanuts_seeds_related_snacks
28799,cakes_cupcakes_snack_cakes
23704,popcorn_peanuts_seeds_related_snacks
9903,cakes_cupcakes_snack_cakes
22637,candy
16143,cookies_biscuits
22253,candy
11627,candy
17534,cookies_biscuits
8225,candy
25989,chocolate
20684,cakes_cupcakes_snack_cakes
19537,cookies_biscuits
3013,candy
15558,cookies_biscuits
3190,cookies_biscuits
34105,cookies_biscuits
32171,cakes_cupcakes_snack_cakes
13743,candy
29725,cookies_biscuits
33019,chips_pretzels_snacks
32623,popcorn_peanuts_seeds_related_snacks
29185,popcorn_peanuts_seeds_related_snacks
2952,popcorn_peanuts_seeds_related_snacks
17434,cookies_biscuits
16127,candy
14263,candy
25039,cookies_biscuits
4461,cookies_biscuits
32576,popcorn_peanuts_seeds_related_snacks
30442,popcorn_peanuts_seeds_related_snacks
35255,popcorn_peanuts_seeds_related_snacks
2031,popcorn_peanuts_seeds_related_snacks
23889,popcorn_peanuts_seeds_related_snacks
25895,chocolate
30562,candy
26812,cakes_cupcakes_snack_cakes
21563,candy
3889,candy
27744,candy
10693,candy
410,cakes_cupcakes_snack_cakes
15458,chocolate
2020,cookies_biscuits
20444,candy
14664,candy
21395,candy
11443,popcorn_peanuts_seeds_related_snacks
6007,cookies_biscuits
7282,candy
32687,cookies_biscuits
5699,candy
7889,popcorn_peanuts_seeds_related_snacks
20509,cookies_biscuits
13432,cakes_cupcakes_snack_cakes
5417,chips_pretzels_snacks
7874,cakes_cupcakes_snack_cakes
2790,popcorn_peanuts_seeds_related_snacks
3487,popcorn_peanuts_seeds_related_snacks
26904,candy
11743,popcorn_peanuts_seeds_related_snacks
12743,candy
14049,chocolate
24887,popcorn_peanuts_seeds_related_snacks
17310,candy
29523,chips_pretzels_snacks
20034,candy
32248,candy
30918,cookies_biscuits
35020,candy
34980,popcorn_peanuts_seeds_related_snacks
9986,popcorn_peanuts_seeds_related_snacks
28034,cookies_biscuits
22106,cookies_biscuits
23302,chips_pretzels_snacks
13905,candy
8715,candy
11061,cakes_cupcakes_snack_cakes
22784,cookies_biscuits
1511,chips_pretzels_snacks
32014,cookies_biscuits
16119,candy
20383,candy
17449,candy
28393,popcorn_peanuts_seeds_related_snacks
31537,candy
14856,candy
18752,popcorn_peanuts_seeds_related_snacks
14770,chocolate
13494,chocolate
2645,candy
19496,chips_pretzels_snacks
14340,popcorn_peanuts_seeds_related_snacks
27077,candy
17113,popcorn_peanuts_seeds_related_snacks
9974,candy
25406,candy
4331,candy
8177,cookies_biscuits
27728,cookies_biscuits
17318,candy
12946,candy
1900,cookies_biscuits
10989,candy
24414,chocolate
29912,candy
15720,popcorn_peanuts_seeds_related_snacks
32949,candy
12570,popcorn_peanuts_seeds_related_snacks
15042,chocolate
29447,chocolate
24285,popcorn_peanuts_seeds_related_snacks
15822,cookies_biscuits
13034,chocolate
15541,candy
14732,chocolate
17143,chocolate
1697,cookies_biscuits
4504,cookies_biscuits
20071,cookies_biscuits
2845,chocolate
18627,candy
19078,chips_pretzels_snacks
23055,popcorn_peanuts_seeds_related_snacks
14834,cakes_cupcakes_snack_cakes
17959,candy
18006,chocolate
22267,cakes_cupcakes_snack_cakes
